File Name,width,length,flare
rand_OGR5A7L3I6_render_front.png,1.2452133289403478,1.790662713722343,0.8911103172353948
rand_UUSLXTIVQQ_render_front.png,1.05,1.2,1.1132133230457084
rand_4Z7TSQW1CN_render_front.png,1.2400758142183146,1.2,1.0
rand_CRJNX11FYA_render_front.png,1.0909407368880195,1.2,1.13564492661539
rand_GA4UHIK18H_render_front.png,1.023102214231242,1.2,0.7067290388458068
rand_Q46W30DASO_render_front.png,1.0148673906489063,1.2,1.3140259502243887
rand_G6EKRQ1D73_render_front.png,1.163109188583754,1.2,1.0
rand_MMWCBWRD6X_render_front.png,1.2471266090160558,1.2,1.0
rand_9JN6KDVCUQ_render_front.png,1.05,0.9799102243887894,1.0
rand_2O342R1R14_render_front.png,1.1080708673871928,1.2,1.164058818443625
rand_8CI4BKALGP_render_front.png,1.071137038974103,1.1749401463407678,1.4395872143504775
rand_MNZVCMP235_render_front.png,1.05,1.2,1.0
rand_ZRDD4B7MIM_render_front.png,1.1616264633582791,1.2,1.0
rand_I6FRBS3WPZ_render_front.png,1.1467543315775546,1.2,0.8013562897453562
rand_DQ7ODSMVHE_render_front.png,1.05,1.2,1.4272741913559877
rand_N8TGGQYMRL_render_front.png,1.05,1.2,1.2786186174846903
rand_6160KRKLN3_render_front.png,1.05,1.8510963590483804,1.0635150395554935
rand_NEK3V06LHD_render_front.png,1.0449772146819194,1.2,1.2417774809035333
rand_ZAO0IES79Q_render_front.png,1.2897533557670606,1.2,1.0
rand_PHQ2VXSGWH_render_front.png,1.1004072153757964,1.2,1.3348012138791034
rand_IKM4EX767C_render_front.png,1.05,1.2,1.031482040194072
rand_GWXN5QJZMD_render_front.png,1.05,1.2,1.0
rand_403GMNPYUR_render_front.png,1.05,1.2,0.8761434433803418
rand_2OGPG824E3_render_front.png,1.089890002691308,1.2,0.8501895301408781
rand_CDK5IKZ58H_render_front.png,1.2397208314001367,1.2,1.374642547563736
rand_39U6Q9LYMA_render_front.png,1.1872561778583757,1.2,1.2168184274685392
rand_MGT8I2Q13P_render_front.png,1.05,1.2,1.5711742603987124
rand_88URSAGCQ4_render_front.png,1.158764839165228,3.2935567528113134,1.0
rand_C9WM8Y1FBS_render_front.png,1.0611694770966227,0.5912919106575334,1.0450094692377914
rand_Q0MNY6APJH_render_front.png,1.05,3.014216212973238,1.0
rand_PO1GEEXKSR_render_front.png,1.2808142306809742,2.5726320525075534,1.0
rand_WPQ1PBRNLT_render_front.png,1.0888734901030344,1.2,0.7246776362565971
rand_WJICNQGBAR_render_front.png,1.1339216385108197,1.2,1.0
rand_7K7EWWCX9K_render_front.png,1.1534225608553643,1.2,1.5878508679181782
rand_180WC8Q5BM_render_front.png,1.05,1.2,1.496878212589516
rand_2R9P9884P0_render_front.png,1.1279905085094422,1.8494275802667812,1.0
rand_G5F7G9YROI_render_front.png,1.05,1.2,1.432434654608369
rand_R3YVJB68AF_render_front.png,1.2744133532153359,1.2,1.0
rand_HJ8BLO9SMJ_render_front.png,1.05,1.2,1.0
rand_TT9S7YWXQD_render_front.png,1.2701543509362168,1.3451860574557233,0.8028747654097523
rand_6125D60EDP_render_front.png,1.05,1.0095653787523027,1.4437689269965726
rand_KQCRDUOG3Q_render_front.png,1.05,1.2,1.1494686935031675
rand_VJ6AU7ADUY_render_front.png,1.25367929335455,1.2,0.9322645581318054
rand_GIGLIL5TKD_render_front.png,1.05,1.2,1.0165496287609166
rand_CQER3OLTV8_render_front.png,1.2694707524461988,1.2,1.0
rand_WE30DWLQWJ_render_front.png,1.05,1.2,1.207301405088459
rand_4CW5BC4E6L_render_front.png,1.05,1.2,1.5569562261970666
rand_T9SJDOCF2R_render_front.png,1.05,1.2,1.5156940921590651
rand_HCS6XO4886_render_front.png,1.0925157781685737,1.2,1.0
rand_M1GT0AAVVT_render_front.png,1.05,1.2,1.467259370263978
rand_1HQAX4I58N_render_front.png,1.05,1.2,1.4605026752026447
rand_9IWN8XQ88U_render_front.png,1.05,1.2,1.4089328408111723
rand_SMV2H6X7KU_render_front.png,1.05,1.2,1.0383346206916422
rand_ZHOBTVWEAT_render_front.png,1.1634083074664852,1.2,1.0
rand_UOFR94362T_render_front.png,1.173565417866706,1.972357622477137,1.0
rand_URO885VTBY_render_front.png,1.05,1.2,1.2127995016819364
rand_KQ0Q9YOZZ1_render_front.png,1.05,0.6632977365503936,1.0653904173577498
rand_09RJPU2VKT_render_front.png,1.2919393827159262,1.2,1.0
rand_C2A2VGWH6P_render_front.png,1.1178495437463762,1.2,1.041480717724792
rand_G2W3KJ3G83_render_front.png,1.0191875362933913,1.2817661678385943,1.1787320921700248
rand_DLE5NG4OZI_render_front.png,1.1725778182697597,1.2,1.0
rand_P6D3EW5XI3_render_front.png,1.05,1.2,1.4203625857655258
rand_IYZC7VYQGS_render_front.png,1.05,1.2,0.9611121666285545
rand_K1BGHOLA3C_render_front.png,1.0281118396731275,1.2533652238994037,0.7751878490931323
rand_8Q8OGWQLJ1_render_front.png,1.0005313959129574,1.2,1.0
rand_DKOX295PH4_render_front.png,1.05,1.2,1.0
rand_8GF50XO1HM_render_front.png,1.05,1.2,0.7133699295397598
rand_IMCIL33SJE_render_front.png,1.1989419446443976,1.2,0.9553579653527686
rand_9EZ8BCKQCH_render_front.png,1.0290428009478019,1.2,1.0
rand_6AFUZ6N9B1_render_front.png,1.0202607057164013,1.2,1.474117493317608
rand_XC9H6U9X6T_render_front.png,1.05,1.2,1.0
rand_6UROTSLW28_render_front.png,1.05,1.2,1.0
rand_DGPO0097ND_render_front.png,1.1092206217408191,2.537597773533161,1.0
rand_LSVDGG5JSM_render_front.png,1.289619032374966,0.9726162282956305,0.9127854632315244
rand_TFZ2ZWBEGP_render_front.png,1.05,1.2,1.5772526570326453
rand_H9O0W45ADF_render_front.png,1.2762121811587364,1.2,1.0
rand_3WGDRA2ED1_render_front.png,1.05,1.2,1.252397236466225
rand_L51XRXCNCO_render_front.png,1.05,2.483377587079034,1.3717824804013532
rand_XPD43ODKHA_render_front.png,1.2474504525055599,1.2,1.1445771399269309
rand_DO8STJ1J6J_render_front.png,1.05,0.7190826621048929,1.0
rand_Y92L7L8B2Y_render_front.png,1.2307900540414136,1.2,1.0
rand_PT0J2QTHRB_render_front.png,1.05,1.2,1.0
rand_8OQZ6ECR8Q_render_front.png,1.05,1.2,1.4562994622864216
rand_2ZZFSDFHM4_render_front.png,1.1783867036772528,1.2,1.197235132833992
rand_CYLR1AVPNU_render_front.png,1.2232191140750064,1.2,1.0
rand_4ZNOB7VOHP_render_front.png,1.1355354362407315,1.2,1.0
rand_7AHFJ222RA_render_front.png,1.05,1.2,1.3126145836347236
rand_VNSKKP5F0K_render_front.png,1.05,1.6476564760502053,1.0
rand_6JV04MYCOE_render_front.png,1.1671537378140988,1.2,1.4458066642837182
rand_2YHHRBPQ1C_render_front.png,1.05,1.2,1.0
rand_D3OWUFGM9B_render_front.png,1.0920552188152066,1.2,1.209341927323809
rand_1ESK65WTJJ_render_front.png,1.0201800804435623,1.02991814927067,1.138340788346837
rand_RIU4GGNHS1_render_front.png,1.05,0.6349861234088316,1.161142879281918
rand_UZ8P9JK598_render_front.png,1.0970027161682747,1.2,0.7547840541786806
rand_LBCMVX4LDU_render_front.png,1.05,0.9000601522552024,1.4853291376509423
rand_DHRYGTWCA8_render_front.png,1.1833797954908765,1.2,0.9541581098478451
rand_A6TS3MPX2E_render_front.png,1.1006483326405754,1.2,1.0
rand_QUG1QX0WXB_render_front.png,1.0997856523586833,1.1047058931514817,1.0
rand_HHXGZ2RETZ_render_front.png,1.2887693996471121,1.2,1.095715442039076
rand_MZTHIORI0Q_render_front.png,1.05,1.2,1.0439468495885023
rand_ODCU7SH1CS_render_front.png,1.2347184901538213,2.483747768541191,1.1645460918000676
rand_CY1J8VFWBF_render_front.png,1.1150531354429334,0.8240888472377456,1.0
rand_C3E0U17IP1_render_front.png,1.194966980947845,1.2,1.0718271563430164
rand_3SXGFM7CM0_render_front.png,1.2817833256618592,1.2,0.7481839559351635
rand_OZ4JI7WT12_render_front.png,1.05,1.2,1.1258853915691316
rand_21SJ0WNZB1_render_front.png,1.2681848564225868,1.2,1.0
rand_6OZW5R88UK_render_front.png,1.1552644735704432,1.2,1.0
rand_MD8ZPWT0CW_render_front.png,1.009911058943672,1.2,1.294937417953956
rand_Y3Z5L4IBNC_render_front.png,1.05,1.2,1.1341361664892156
rand_JU07ILEDQK_render_front.png,1.05,1.0793287117856412,0.880868539455159
rand_UQO9NJ1CYH_render_front.png,1.0239225697466814,0.6051938411302069,1.0
rand_44V8ZSPGWA_render_front.png,1.05,1.2,1.0
rand_4AFVVES4KY_render_front.png,1.05,1.2,0.9654428367781756
rand_OZGAJZ2SRB_render_front.png,1.0042758254371762,1.681590081877824,1.0
rand_F9QTU1ODVF_render_front.png,1.1591914040968603,1.2,1.0
rand_LWZV11CTLS_render_front.png,1.013041963616119,0.808345243110159,1.0
rand_5ELMDJW7TD_render_front.png,1.05,1.2,1.0
rand_DFUT90GMTC_render_front.png,1.05,1.2,1.4953178854207503
rand_EDO67ACBAY_render_front.png,1.11268563040866,1.2,1.0379269372068514
rand_7LD74VNR5N_render_front.png,1.216937267194058,1.2,1.0
rand_TMNRWEEEG9_render_front.png,1.2038985526727073,1.2,1.1293480810416554
rand_1SR34YTITJ_render_front.png,1.0880966795004865,1.2,1.0
rand_PNBJWGINBT_render_front.png,1.05,1.2,1.0
rand_S7NS96YR9I_render_front.png,1.05,2.575985019865639,0.8903427488539402
rand_9E7F8XWFC4_render_front.png,1.268578138293251,1.2,1.2936257733962173
rand_3Q1TNL7ED8_render_front.png,1.0767417907549033,2.6698103627880365,0.7252169227149509
rand_YEXSJ41N6E_render_front.png,1.0167421015900369,1.2,0.7630157965460377
rand_FKYMC7JY0P_render_front.png,1.05,0.6742691197183893,1.1931980071088735
rand_GDJTGIR2WL_render_front.png,1.1690891861585084,1.6304517481414371,1.0
rand_7G2D48P95M_render_front.png,1.0157834491308793,1.2,1.0
rand_LOV83RQFQ6_render_front.png,1.0529099219221387,2.764678585190728,1.1694899524888251
rand_FNH3ZV4JU1_render_front.png,1.038920749218973,1.2,1.0
rand_RZN2PW02QP_render_front.png,1.05,1.174502780997417,1.007206948646319
rand_2A9V8WHFA1_render_front.png,1.08862420512077,1.2,0.8070345065610627
rand_V8BE9753WU_render_front.png,1.05,1.2,0.7305566185216713
rand_MOCHGDEBDT_render_front.png,1.1777778966127512,1.2,1.0
rand_UC4TPX03NN_render_front.png,1.05,1.2,1.261838434531558
rand_OMV723377L_render_front.png,1.1858030804963757,1.2,1.0
rand_XHVY3HH5YK_render_front.png,1.1445275456610173,1.2,0.8528729540818092
rand_NDPXFT23L2_render_front.png,1.05,0.5037256068131215,1.0
rand_2EO973YGBD_render_front.png,1.05,1.2,0.9745788988172457
rand_X90MPK9FPK_render_front.png,1.05,1.2,1.0
rand_KC2MKTIOVP_render_front.png,1.0051987379721177,1.2,1.5488237934613207
rand_VYU8GXTXFA_render_front.png,1.05,1.2,1.0
rand_6VFYUI3EF9_render_front.png,1.1571333804239787,1.2,1.582900240650167
rand_VIIVIJ2TIN_render_front.png,1.05,1.2,1.253683018535504
rand_5QAGF6FMUC_render_front.png,1.0456089524597147,3.0390572833197145,1.0
rand_G3D5J95AIO_render_front.png,1.1043974642842298,1.2,1.0
rand_D29VMAGLXV_render_front.png,1.1627090274896559,1.2,1.3117003157933367
rand_0RDMQNX4M4_render_front.png,1.2224344942404946,1.4449294589723145,0.9621688746410966
rand_1RXTBHEXZS_render_front.png,1.05,1.2,1.0
rand_QHQ7U2K6QS_render_front.png,1.2368880496492463,1.193343517961758,0.9928611933236431
rand_OTDGD7CH7P_render_front.png,1.1924541527202024,1.2,1.3547818836763712
rand_9ANMJ5F2U5_render_front.png,1.0510301891266776,1.2,1.2280686683804083
rand_3SA4C3I2T2_render_front.png,1.05,2.0288245938018403,1.0
rand_5EW92XF18A_render_front.png,1.05,1.2,1.491910109792045
rand_UO1QPIU82B_render_front.png,1.0735539569048533,1.2,1.0
rand_C1YRMQDKAL_render_front.png,1.05,1.2,1.0
rand_FACUWM2YSA_render_front.png,1.1782560005204965,1.2,1.0
rand_NZJOFD6030_render_front.png,1.2168412188055429,2.230489051896335,1.0
rand_X2SWPTO9L9_render_front.png,1.084922445720371,1.093632189235327,1.0
rand_JSNLZVWQ1J_render_front.png,1.174511285842396,1.2,1.0
rand_MQKH3U0203_render_front.png,1.097875836798086,3.0440180583363503,1.226650140768833
rand_5M9KOKO7IP_render_front.png,1.221077218425583,1.2,1.0
rand_8KSPZBRHU8_render_front.png,1.05,0.9849685786130755,1.1149917221833678
rand_RPCMADAHXN_render_front.png,1.05,1.2,1.0
rand_DAAS6N2ARY_render_front.png,1.2703325260244214,1.2,0.8294927765440835
rand_QEBH21AMR9_render_front.png,1.05,1.2,1.2736087241978447
rand_2AA45WT99M_render_front.png,1.124625371691993,1.2,0.8243287635320122
rand_FEVH9576TP_render_front.png,1.0112842189559645,1.2,0.8627078885816706
rand_Z8MOXXHGPH_render_front.png,1.05,1.2,0.7025241545913201
rand_5BFNO0SL5V_render_front.png,1.05,1.2,1.0
rand_FS99WQ5769_render_front.png,1.2348279850988768,1.2,1.0
rand_E3P4KXHMJH_render_front.png,1.0368702904167302,1.2,1.0
rand_K8CWDS74PS_render_front.png,1.05,1.2,0.9753481958627194
rand_NRFU803UGF_render_front.png,1.05,1.2,1.0
rand_PD0V2BRPP7_render_front.png,1.2028709281408192,1.2,1.0
rand_53VIR9DPAS_render_front.png,1.016747399503632,1.2,1.0
rand_36BCSWBUBV_render_front.png,1.0548126472100128,1.2,1.0
rand_AWNJ7XSU35_render_front.png,1.05,1.5855297094446241,0.9005445717281525
rand_PBVHM8F5W1_render_front.png,1.1555863618457183,1.1613286324114689,0.9604576416102003
rand_YNOXOARGHR_render_front.png,1.2749003433467172,1.2,0.9260531319096863
rand_38JJ3T92JE_render_front.png,1.05,1.2,1.2268194649874955
rand_2UKFBAWXX1_render_front.png,1.05,1.2,1.0
rand_S2WE06BG7D_render_front.png,1.1552081767884086,1.6166401546028313,1.0
rand_AB9BUYNB4O_render_front.png,1.05,1.2,1.4148375978738206
rand_9ASV2R4AWZ_render_front.png,1.1282976850058384,1.2,1.028580637512087
rand_NR6HGWAKV1_render_front.png,1.0384895740800455,1.2,1.202101610325663
rand_KV1A9D4M3N_render_front.png,1.05,1.871601318531419,0.9067905956001353
rand_92MZIGKWMJ_render_front.png,1.1448937678386444,1.2,0.8030714002330758
rand_DHSYSVGCAZ_render_front.png,1.2463743773594829,0.5925831077199237,0.7285500965051006
rand_HBH110KNBV_render_front.png,1.05,1.1817474623560336,1.0
rand_UFT20FQSC0_render_front.png,1.05,2.332327549721892,1.0
rand_OY6OKWYXXW_render_front.png,1.2731039668568465,1.2,1.0
rand_2PK6FHVKBN_render_front.png,1.1803747022415139,1.2,1.1335388571151321
rand_AFO6RYPF20_render_front.png,1.1806163492369557,1.2,1.0
rand_2HQEJ5LVL4_render_front.png,1.2127909212195833,1.2,1.1549467531552902
rand_9LR2XG2O1L_render_front.png,1.05,1.2,1.3927160477879794
rand_TCFZHDRKNH_render_front.png,1.0612551293924768,1.2,1.5269530788757195
rand_1FD5WAL3V5_render_front.png,1.004738091966181,1.2,1.556255715972144
rand_7MPSDJOS26_render_front.png,1.05,1.2,1.0
rand_V38UWF905B_render_front.png,1.1960939886596351,1.2,1.0
rand_1Q7SCGVCYH_render_front.png,1.1713430994957184,0.8360370069466111,1.2251962795815103
rand_HXRQ5GP3VV_render_front.png,1.05,1.2,1.4437067078924204
rand_HAI9QZNN6U_render_front.png,1.0330377770493895,1.2,1.3549555989534756
rand_RB5DWTFVVQ_render_front.png,1.05,1.2,1.248422503722105
rand_DIILRTL67U_render_front.png,1.035045548056499,1.2,1.2577566939539824
rand_1UFGA8AAGP_render_front.png,1.1247533452649086,1.2,1.0
rand_N61JKH6OG6_render_front.png,1.0761396967523982,1.2,0.8344767606571386
rand_N4ABCA3VMS_render_front.png,1.078822911024062,0.5159529750717579,1.0
rand_D7X0X7F0F2_render_front.png,1.0157399172296655,1.2,1.0
rand_TRUD819TCZ_render_front.png,1.05,1.2,1.0
rand_IKQ5DA9HLG_render_front.png,1.05,1.2,1.0
rand_0KIRQ2KQZJ_render_front.png,1.05,1.2,1.0
rand_8VKRH4GRFM_render_front.png,1.05,1.541017653134467,1.0
rand_OJJGOXYLQG_render_front.png,1.192200584464255,1.2,0.9827704234254983
rand_FXNNCDA6CI_render_front.png,1.05,1.2,1.1099511705235883
rand_P8MQFPU1IE_render_front.png,1.0197272274677571,1.2,1.3571895526222084
rand_7TYHTZRDKW_render_front.png,1.2218067464851643,1.2,0.9102208501937905
rand_0SE5EJ3EPT_render_front.png,1.2625012298829295,1.2,0.7940125964814218
rand_SH84SB9AVS_render_front.png,1.2881528255085808,1.2,0.9805612673297033
rand_K2T0XV9UGQ_render_front.png,1.2272022742855384,1.2,0.9056326631548706
rand_NN50E7GNVI_render_front.png,1.2110385905235144,0.6180749995162481,1.0
rand_BLWA9S33FD_render_front.png,1.143858380970091,1.0211299854422524,0.8140048063056512
rand_R19OHQZ77W_render_front.png,1.05,1.2,1.0
rand_C0SO3XD3HR_render_front.png,1.0052136948886865,1.2,1.0
rand_5KV3GIRI8U_render_front.png,1.2799295557783348,1.2,1.0
rand_KZGGEOC07O_render_front.png,1.05,1.2,1.3966658720754679
rand_2E7LYE4R51_render_front.png,1.05,2.4687754428691235,1.0874427017916621
rand_T7Q4NJ0QN7_render_front.png,1.05,1.2,1.5908933061096249
rand_O98WOBOZDN_render_front.png,1.05,1.2,1.5713020109983828
rand_0VA4SZVS1C_render_front.png,1.2147503184079875,1.2,1.0
rand_VZCGJRFDAJ_render_front.png,1.2143859585843826,2.854050443851875,1.0
rand_2V6PI0FOKB_render_front.png,1.2420492924219748,1.2,0.8830481695421137
rand_YRLC4G6FUK_render_front.png,1.2607137596593483,0.7386760743516348,1.0
rand_WSV3VT6R10_render_front.png,1.05,3.2545852516229457,1.0
rand_2LUN1VZLYT_render_front.png,1.0793580306247794,1.2,1.0
rand_6DCUK1D2AA_render_front.png,1.2311302162268674,1.4798353162931184,0.9115735077209575
rand_7LB734LJE8_render_front.png,1.1116444050302225,1.132496014864001,1.0
rand_4ZBU17U56F_render_front.png,1.05,1.2,1.1936082489652844
rand_NH971WYQT6_render_front.png,1.05,1.2,1.157768408343543
rand_5RSD26FL6L_render_front.png,1.05,0.6296428330342695,1.0
rand_CPA96T8TZL_render_front.png,1.05,1.2,0.9993788123213118
rand_1206DKC5IN_render_front.png,1.05,1.2,0.857784267151436
rand_SKREYVAG4D_render_front.png,1.05,1.2,1.0
rand_WSNR0ZRBO0_render_front.png,1.05,1.2,1.0
rand_0BYSXIM9OF_render_front.png,1.1652558507177038,1.2,1.4059157435488825
rand_YWPZ9VVAOM_render_front.png,1.2381730646606743,1.2,1.0
rand_E5381IXR19_render_front.png,1.1253038581467771,1.2,1.0622014416202668
rand_TLROKVCYFK_render_front.png,1.1443899979596446,1.2,1.0
rand_XS08SP065V_render_front.png,1.0029858650740944,0.7144962100335827,1.0
rand_9LKKMFT8XC_render_front.png,1.05,2.727992841378217,1.4834187594596908
rand_E0AU5NYYE5_render_front.png,1.05,1.2,1.0214046021236536
rand_Z6UBUW9H9D_render_front.png,1.2862631383034988,1.2,1.4447301455888621
rand_KFFMSBTCLN_render_front.png,1.2070836706220152,1.2,0.8843959325467489
rand_J97QA1K42F_render_front.png,1.005643808725258,0.5757286895326182,0.9259427189318319
rand_Z77YG8NM9B_render_front.png,1.0109652355785246,1.2,1.0
rand_VFVTQX43IT_render_front.png,1.0126205254278344,1.4341386555210884,1.3097158615649134
rand_3M2ONX1D40_render_front.png,1.05,1.2,1.0
rand_514BM55PGT_render_front.png,1.2693219460544738,1.6163793018699955,1.0
rand_662XCMYYPZ_render_front.png,1.05,1.2,0.8619195193703617
rand_JAW3OHEBR5_render_front.png,1.05,1.2,1.0
rand_9ZMN81TTFW_render_front.png,1.1188876356396342,1.2,1.0
rand_WUKTRJLRW1_render_front.png,1.05,3.1386425786194385,1.52426301396167
rand_6N8ZV0QG6S_render_front.png,1.05,1.0024827948960484,1.599572196546872
rand_KZFQWIQ0KH_render_front.png,1.286195497786312,1.2,1.0
rand_SZVOHAW324_render_front.png,1.05,1.2,1.0
rand_ZGDR2UX3F2_render_front.png,1.05,1.2,1.0
rand_CHO6YXJLZ7_render_front.png,1.1014982333607255,1.2,1.0762213691170541
rand_DHVAFMOVXU_render_front.png,1.0350005484363616,1.4251535971859788,1.0
rand_C84SZDACGD_render_front.png,1.05,1.2,1.0
rand_EQ9RMROM4J_render_front.png,1.0560591085714932,1.2,1.0
rand_VUXR400V92_render_front.png,1.2448266195157722,1.2,1.0
rand_59IOWT9HFB_render_front.png,1.1312296408611966,2.4928731618195483,1.103793438500032
rand_8GZRWADBZY_render_front.png,1.1222555564466237,1.2,1.0
rand_4RCQXGOIF9_render_front.png,1.1850849586219552,1.2,0.9938318435816711
rand_G55CFYW2WX_render_front.png,1.2135600456443831,1.2,0.7753274090862493
rand_5O73X5BYGW_render_front.png,1.05,1.2,0.9951743552655714
rand_PDQUBX2DBC_render_front.png,1.1641799253299667,1.2,0.9955348510057718
rand_HVSPSF1OEI_render_front.png,1.1314566780471371,1.2,1.0
rand_2G3NXUWEZY_render_front.png,1.118462782461931,1.2,1.1166466127312618
rand_BWS7OU8EU2_render_front.png,1.0920613723971908,1.2,1.0
rand_I0P17DUK2Z_render_front.png,1.2869731645548597,3.31429075483251,1.213309889082255
rand_XTBGAYULF8_render_front.png,1.05,1.2,0.7428530694409576
rand_F234OK9CDN_render_front.png,1.05,1.2,1.0
rand_RH32N4Y406_render_front.png,1.05,1.2,0.9573516310997436
rand_C3KW455IDK_render_front.png,1.1428243091060835,1.2,1.0
rand_HFWVA0HSXR_render_front.png,1.019634313197756,1.2,0.8787130652610177
rand_A4YEIY8KEO_render_front.png,1.1528030751585325,1.2,1.0
rand_PFMLXDD23S_render_front.png,1.2307484356326868,1.2,1.0
rand_7H3QYO8I3D_render_front.png,1.05,1.2,1.0
rand_NRPWN8ZMTM_render_front.png,1.0903062218530644,1.2,1.4366349583415827
rand_LYE9X39EEN_render_front.png,1.1498522704261915,1.2,1.0
rand_3X0YZL0ED2_render_front.png,1.2399324653868131,1.2,1.2908042712436851
rand_4ITDPJ0CQ5_render_front.png,1.0033875575783593,1.2,1.115087043503407
rand_TR0T9TKMJQ_render_front.png,1.2358635074122049,1.2,1.0
rand_2FK6AUGK65_render_front.png,1.0280470617382724,1.2,0.8341632899527267
rand_EAOMBYNF03_render_front.png,1.05,1.2,1.209662595602031
rand_N7G4ECZJ7Y_render_front.png,1.1255358538367601,1.2,1.0796619155651004
rand_W2RJN3LLVW_render_front.png,1.064305431158283,1.2,1.0
rand_C0BNV7O135_render_front.png,1.05,0.5014305598456329,1.0
rand_VC9MXP6AFQ_render_front.png,1.2112013456777624,1.2,0.7232827333717399
rand_EO0DA3WQWK_render_front.png,1.1687318551577133,2.810643366973461,1.216361330113611
rand_176L9DT8YW_render_front.png,1.0817451569717573,1.2,0.818133901041013
rand_FF1JV6MIGE_render_front.png,1.2966313973849375,2.980034954384639,1.0
rand_JRB0G1NH5C_render_front.png,1.0323199223373538,1.2,1.4176274140433704
rand_UDXAH0PZDZ_render_front.png,1.05,1.2,1.1757289004422176
rand_G5US9OA286_render_front.png,1.1321171041437916,1.2,1.0222251486112557
rand_M6KITVXQC4_render_front.png,1.2487260160691946,1.2,1.0
rand_QCEKVWCP72_render_front.png,1.05,1.077564330740006,1.3112861730071743
rand_5GSD1XUGAL_render_front.png,1.0684717936500354,1.5809322821375293,1.0
rand_CNRMO549GC_render_front.png,1.1670251967497345,1.2,1.2249650684561417
rand_VIRY4PWEHA_render_front.png,1.243707547544948,1.2,0.778445981999054
rand_CV9ACSA4G5_render_front.png,1.05,0.8225884310764953,1.0
rand_DR0T0VPEXY_render_front.png,1.1397200298808223,3.405487841500481,1.0794822614989146
rand_C300F8WXY7_render_front.png,1.0462092400859557,1.2,1.2239849682253265
rand_2N12212IZW_render_front.png,1.05,1.2,1.0
rand_ILH60TSI2P_render_front.png,1.180126995224185,1.2,1.0146424634683868
rand_0WZDTSY8BE_render_front.png,1.0573705878447566,0.9560191953174489,1.0
rand_K0MEV1US72_render_front.png,1.05,1.2,1.0
rand_M5AGCN79YC_render_front.png,1.2231873941875797,2.135771507520718,1.0
rand_2J9KEEMC5R_render_front.png,1.05,1.1718392632671524,0.8932360073867743
rand_63PFHMQZI4_render_front.png,1.05,1.2,1.2905297428032796
rand_LRSAR4070I_render_front.png,1.05,1.2,1.0
rand_2S4A98TVEC_render_front.png,1.143330817700946,2.109420012478732,1.5393456625436461
rand_LS6ILHGU43_render_front.png,1.2375209802669482,1.2,1.0
rand_MTUQYXJ2VR_render_front.png,1.136005236807405,1.2,1.1370820050734247
rand_2XGUYOFFG6_render_front.png,1.193582619060726,1.2,1.1585059894697651
rand_RA9A5S1WGU_render_front.png,1.05,1.5105443638497331,0.846822232753472
rand_SAZ0PCE3ZC_render_front.png,1.2214086017637318,1.2,0.7799186770696882
rand_UYB6F8VFYE_render_front.png,1.05,1.2,1.0
rand_K4YVUO220R_render_front.png,1.1722076893648712,1.2,1.1049932161007219
rand_5Q24JVIYFD_render_front.png,1.05,1.2,0.9819203594841325
rand_E4MQ6P9HPF_render_front.png,1.05,2.701600435947386,0.8736449049691302
rand_7VAFW5M1C2_render_front.png,1.0355573884009,0.6533647621758255,0.8667655081046943
rand_D9G8WV021B_render_front.png,1.05,1.2,0.8091468037724565
rand_QHAMR0JPLK_render_front.png,1.2336093161318014,1.1618233037152255,1.4365332080743616
rand_WSGWBZSCPL_render_front.png,1.05,1.2,1.0
rand_PHTYL4PEZ6_render_front.png,1.05,1.2,1.0
rand_KE1O3E9SXE_render_front.png,1.1344006778035178,1.2,1.274676264558562
rand_DGF0JIBANG_render_front.png,1.05,1.2,1.0
rand_I2F8JX7IP5_render_front.png,1.0119496019394474,1.2,1.0313517204243743
rand_E9IE77WZZ1_render_front.png,1.213189282927792,1.2,1.0
rand_EN1BZPDYFA_render_front.png,1.2471085867104412,1.2,0.7615484767936596
rand_1MQJR75Q15_render_front.png,1.05,1.2,1.1885713663961668
rand_5559ZCUI67_render_front.png,1.05,1.2,1.4337192619506436
rand_5LUXAE7G4C_render_front.png,1.1473989404603877,1.3937416864720071,1.0
rand_TRCKGCRVZU_render_front.png,1.0654794542779482,0.6471350675597138,0.8557587781219422
rand_3CELEO1YL4_render_front.png,1.1267374615605246,1.2,0.9741842234397127
rand_MB5JOZLU2X_render_front.png,1.05,1.2,0.9753685642053442
rand_GAAV6KY7LF_render_front.png,1.0495641406532916,1.2,1.0
rand_C70F60DXPM_render_front.png,1.05,1.2252653428691356,1.191458167799917
rand_SMTPOHZ70Z_render_front.png,1.134932154286946,1.2,1.0
rand_1YDZJDD70B_render_front.png,1.1726010490993946,1.2,1.0970769854174747
rand_6JYNJXWNIU_render_front.png,1.05,1.2,0.8671972818905023
rand_R2ITQIWHJP_render_front.png,1.2558207220022362,1.2,0.9407640836064672
rand_74S737VXV3_render_front.png,1.036156085413212,1.2,1.0
rand_80CXQ1WFF0_render_front.png,1.05,2.945949672769964,1.0
rand_8DAJ68PSC6_render_front.png,1.05,1.2,1.0
rand_UZRF91OZOI_render_front.png,1.2319221921874899,1.07902950994393,1.0
rand_HI7DJ0EV6H_render_front.png,1.1254278900962915,0.5345939751236624,1.0
rand_EX9K0M1SOI_render_front.png,1.05,1.2,1.0
rand_WG2MYBMLD5_render_front.png,1.05,1.2,1.0
rand_ORDJ061GMO_render_front.png,1.05,1.2,1.5609899686411577
rand_AP1D1NWIFZ_render_front.png,1.1200749955817888,1.2,1.1383423163335002
rand_OCKB0V1X2Y_render_front.png,1.05,1.2,1.334547357807034
rand_8XXMSSIB7Q_render_front.png,1.1334183403576927,1.2,0.8392210699254086
rand_IHFZTWR67W_render_front.png,1.05,0.681068662905969,1.0
rand_RZ7CSH4BP7_render_front.png,1.05,1.2,1.0251362456976274
rand_DR4J6QZ23R_render_front.png,1.2551787658190767,1.0391578109003423,1.192858703084672
rand_OG5GQDDS6B_render_front.png,1.0877620114063395,1.2,1.0
rand_OXI3X7VXX0_render_front.png,1.003624441559492,1.2,0.7888713737160774
rand_RO08L61XX6_render_front.png,1.05,1.2,1.0
rand_E4DDJGZR2P_render_front.png,1.0402667654283175,2.70046008454828,1.0
rand_CEG56A2HXW_render_front.png,1.0626340963480634,0.9898961673373291,0.9029060936247628
rand_17OFXQ6IZF_render_front.png,1.05,1.2,1.0
rand_2VMCXJ0HO5_render_front.png,1.2486160074414483,1.2,1.42760679310767
rand_TQ2VGNZZVW_render_front.png,1.0921772475827367,1.2,1.0
rand_IZG55PEF29_render_front.png,1.05,1.2,1.3551808107603067
rand_IJ8LPQ7ENR_render_front.png,1.05,1.2,1.097293201745765
rand_90U6MDVOEH_render_front.png,1.1426330253098955,1.2,1.0
rand_LW0T8SJHMW_render_front.png,1.05,1.2,0.9647601300134562
rand_SDWL1U32SW_render_front.png,1.05,1.2,1.0
rand_D8AE8GD15A_render_front.png,1.1208721036693798,3.455356303186402,1.5622992684835937
rand_03EQU44RFB_render_front.png,1.1629215979982042,1.2,0.9105202106798604
rand_SPH85AKNMR_render_front.png,1.118215057500332,1.2,1.0
rand_60VYUXY2L6_render_front.png,1.05,1.2,1.1566513140483876
rand_BHGLSSZR9M_render_front.png,1.034823418097176,1.2,0.9929263662888742
rand_0WUYGUEFIB_render_front.png,1.098955441251672,1.2,1.5015810767132645
rand_0LQ33XZVP8_render_front.png,1.2362059598126895,1.2,1.0
rand_ZMVZQSF9QS_render_front.png,1.1201599649186487,1.2,1.0
rand_BK7NCIOYEX_render_front.png,1.2366320308201408,1.2,1.461934690559652
rand_VOQFL088AY_render_front.png,1.05,1.7314812511224364,1.3844526757452398
rand_BO3RYHO5TL_render_front.png,1.2883832511167692,0.654223371780432,0.7519661607352166
rand_S4KKNUPFHE_render_front.png,1.2513215935683635,1.2,1.0
rand_1UUYHHN5U4_render_front.png,1.05,0.5242649430693156,1.0
rand_EAGYAI6YAL_render_front.png,1.1532468359330568,0.8722000055251253,1.4729591877256225
rand_HYKYHF8PEU_render_front.png,1.0613210667456423,1.2,1.0
rand_4J7HKDTEJN_render_front.png,1.05,1.2,1.1568705026504615
rand_83B0M3Z1BI_render_front.png,1.1642292050305267,1.2,1.0547451795311016
rand_Q5BG4DMF63_render_front.png,1.05,3.3176317398108415,0.785840556962614
rand_OAGY32FCAK_render_front.png,1.0072882801925498,1.2,1.5757406011371584
rand_8ZGJS8A5UB_render_front.png,1.05,1.2,0.9372128866763045
rand_U3B8VYZ61N_render_front.png,1.1648722017646749,1.526776739333442,1.333100875479505
rand_FD4P7FXFTS_render_front.png,1.05,0.7252670937652834,1.0
rand_SK6U9B4V65_render_front.png,1.05,1.2,1.0390372464196087
rand_QWFY8WQ25A_render_front.png,1.233927737657526,1.6271596004189561,1.0480685547347777
rand_2OJGLLAH3H_render_front.png,1.2291018241421656,1.2,1.0
rand_VO7HV9LP5H_render_front.png,1.0818230731164102,0.9885060951250715,1.4904513218184596
rand_ZBBSE9XD0D_render_front.png,1.05,1.2,1.0899434974193705
rand_X4YUTEC5CQ_render_front.png,1.05,1.2,1.124816437758715
rand_XKWOLUKU3C_render_front.png,1.0830889081552635,1.2,1.4573784920628055
rand_S7W4G8J18X_render_front.png,1.2091567514163863,1.2,0.7630620054551065
rand_7AM13NAOF5_render_front.png,1.1787533542410942,3.390250282048061,1.1793176925930091
rand_XRQ28OLWER_render_front.png,1.05,0.5529752975648431,0.7933405011005589
rand_LKC1OG530J_render_front.png,1.05,1.2,0.9001838030631275
rand_3T332IGW7Y_render_front.png,1.292021259208758,1.2,1.141358028791795
rand_57E7VGS0Z2_render_front.png,1.05,1.2,1.0
rand_8J2FANKZH5_render_front.png,1.05,1.3609044550800364,1.0
rand_NF31FYNRTZ_render_front.png,1.05,1.2,1.0
rand_RNH0PRUZNE_render_front.png,1.2063951756577804,1.2,1.0
rand_XEQPLU1DM6_render_front.png,1.05,1.2,1.0
rand_1DGYFK46D0_render_front.png,1.05,1.2,1.3396729367780265
rand_3VR3D7FSY2_render_front.png,1.247941738037372,1.2,0.8564758373997785
rand_5QICXEOM7K_render_front.png,1.063440729937356,0.6475777005253885,1.0
rand_ZRYMCQIFPU_render_front.png,1.1942462598778911,1.9316739439745767,1.320259513014737
rand_1KMN65OI4O_render_front.png,1.05,1.2,0.7159536923573305
rand_I48WTLKBI4_render_front.png,1.2281613426498101,1.2,1.4612219798888426
rand_RYYOALW9XZ_render_front.png,1.05,1.2,1.4139748672280295
rand_UMY5K78PBX_render_front.png,1.2352112831812265,0.5036747511003752,1.1825435311575574
rand_69DBMTU8C2_render_front.png,1.0556652992071487,1.2,1.190312646642145
rand_UWSB48KLI0_render_front.png,1.05,0.7353181480540023,1.346085974201028
rand_G2G138S98F_render_front.png,1.05,1.2,1.1163524814422197
rand_NJRP2DLW5B_render_front.png,1.05,1.2,1.0
rand_XG9DK763MO_render_front.png,1.189487401905366,1.2,1.1866813442229696
rand_AFD6PZVTJD_render_front.png,1.1418546896949053,0.98294538673304,1.0
rand_JOKKSQB2CJ_render_front.png,1.0720064462509484,1.2,1.3816582244459017
rand_JC6VBNVXRP_render_front.png,1.1409551510366898,0.7150087631489774,0.727319781964641
rand_HD15BLII8V_render_front.png,1.05,1.2,1.2607107497135328
rand_USVJTXPW4A_render_front.png,1.05,1.2,1.283626179594031
rand_EDOV8CMMAJ_render_front.png,1.05,1.2,1.0
rand_M4Q7NQOUC8_render_front.png,1.05,1.2,1.0
rand_TW0634G7I4_render_front.png,1.1707666159059793,1.2,1.0122028216424916
rand_IFFIDCJVYE_render_front.png,1.0261125050572706,1.2,1.0
rand_KL4A28KEMH_render_front.png,1.05,1.2,1.0100359427790058
rand_SJGJP2EGEH_render_front.png,1.0092245656359566,1.2,1.0767047020166705
rand_57NZEOIBHZ_render_front.png,1.1810334330796688,1.2,1.4117027125489736
rand_FVG3YR27CA_render_front.png,1.0253397496645207,1.2,1.413434965052469
rand_FG6DJ6CRVH_render_front.png,1.077052293640398,2.953338363637986,0.9058777706760736
rand_J4RQUJACEZ_render_front.png,1.0338960473018448,1.2,1.0
rand_1TF1L7S7X0_render_front.png,1.0821871558132095,1.2,1.0
rand_7UFP0P64UZ_render_front.png,1.05,0.952405192177169,0.8060168492884552
rand_3GHUL45Y8O_render_front.png,1.0115001993603134,1.2,1.0
rand_K69EVBT6RL_render_front.png,1.0768862680826454,1.2,1.350075092476986
rand_VSNNHFQEVH_render_front.png,1.05,1.2,1.0902514436283137
rand_TRFG00F4YV_render_front.png,1.05,1.2,1.0
rand_XG43N73N52_render_front.png,1.05,0.9905574025239108,1.0
rand_XLH6TSUX84_render_front.png,1.0207491743788184,1.1499240292435378,1.0
rand_1E57OJZ96D_render_front.png,1.0728825194605633,1.2,0.8819820800883564
rand_QG2ARIBYVB_render_front.png,1.2633260323923234,1.2,0.7306749689069884
rand_7PYIP67HEM_render_front.png,1.05,3.1579362663176123,1.0
rand_YF9LX46QUQ_render_front.png,1.1601558390962532,2.1775197348247453,0.7568999530998664
rand_UW0478HMR4_render_front.png,1.225628519227148,0.8795343501405851,1.5510275172583203
rand_TIQFZSM9CC_render_front.png,1.105447993524603,1.2,1.0
rand_XXRSU3D2KT_render_front.png,1.1846728100495316,1.2,1.006197526274668
rand_QP9IIG5G16_render_front.png,1.080637003670133,1.2,0.9019579344923059
rand_Y1130BMJIM_render_front.png,1.2083306563114857,1.2,0.8427342495515443
rand_DWEBDLNJL5_render_front.png,1.05,1.2,1.3216734481502956
rand_KLX8NWAG66_render_front.png,1.05,0.5150213574475632,1.0
rand_6J4GAWQW9G_render_front.png,1.0779845225965747,1.2,1.589296729700391
rand_7A0A1SPI8N_render_front.png,1.05,0.6014586554127297,1.4677391508145456
rand_2OPP4EQLWG_render_front.png,1.1746901661571025,0.8099863081026006,1.0
rand_IG3A7HXB96_render_front.png,1.05,1.2,1.5636120654296874
rand_VC7DYWFD2J_render_front.png,1.05,1.2,1.0
rand_QQXH1MRK7T_render_front.png,1.0562660638380377,2.1251952886617,1.1118394357811527
rand_NHS9KDGOIA_render_front.png,1.05,1.2,1.1206850483423954
rand_C3J6DT9VQ3_render_front.png,1.05,0.7671726849928641,1.0
rand_FKN316TMRA_render_front.png,1.05,1.2,1.0
rand_C3I4ZRX9UN_render_front.png,1.05,2.196724465765084,1.0
rand_XDX2N1D6CI_render_front.png,1.116157710424306,1.2,1.317569125238753
rand_R0VM0ZOVG9_render_front.png,1.05,1.2,1.0171600557280107
rand_90GH84B1UQ_render_front.png,1.243957075664474,1.2,0.7962330992849991
rand_KC07B3PWZX_render_front.png,1.05,1.2,1.0
rand_PIB2FP8WA9_render_front.png,1.2368194151853256,1.2,1.207734341936062
rand_2WFM2BO7V4_render_front.png,1.1671004909557683,1.2,1.0678178557668803
rand_Z4V5435HU3_render_front.png,1.0755554338525992,1.2,0.7712123680136962
rand_MRAL3BPVRZ_render_front.png,1.058025277920808,1.2,0.7890492103977782
rand_O4X1P3SV14_render_front.png,1.2701632226006874,1.2,1.0
rand_8WDOLHY1YM_render_front.png,1.05,0.5327549437862794,0.9849728672674585
rand_QR2G53YY78_render_front.png,1.05,2.888154679188246,0.9058315701117364
rand_XBCIPUQV8D_render_front.png,1.1562379300289851,1.2,1.0
rand_OYCUOVD1BO_render_front.png,1.1668990649304556,1.2,1.0
rand_1Y0YQ93QE1_render_front.png,1.05,2.570808997721734,1.0
rand_S4EZVUQ9EG_render_front.png,1.05,1.2,1.0
rand_KGILMXZO62_render_front.png,1.021587668421423,1.2,1.0
rand_CRH2YKQWG4_render_front.png,1.05,1.2,1.0
rand_FHO1JU4S0T_render_front.png,1.169419375135814,1.6183307592804987,0.874020020825888
rand_BZWERVKB0S_render_front.png,1.2477910883481738,1.669360252135787,0.947364436050205
rand_E4NVZYA6FH_render_front.png,1.031364018771316,0.7437728290427077,1.0
rand_GEX2ZTL3T9_render_front.png,1.05,1.2,1.0
rand_0Q1ZZAS60M_render_front.png,1.0115756435136158,1.997882541578341,1.5264318873474343
rand_IV1C25S7XT_render_front.png,1.172459782564905,1.2,1.3830720234451088
rand_D6QJEPYJGA_render_front.png,1.0787354780073606,1.2,0.7232076939804082
rand_AJUHXZ7F9N_render_front.png,1.1971208796957078,1.2,0.8627706424969794
rand_G8W1ESH8TD_render_front.png,1.277104571931288,1.2,1.0
rand_YY0PFJSKRV_render_front.png,1.2464431378170335,1.2,1.0
rand_WZJ6AQW28C_render_front.png,1.0024167531575716,1.2,1.0
rand_4OHQ3DVBNC_render_front.png,1.05,1.2,1.4319917864942995
rand_249RUXCM75_render_front.png,1.05,1.2,1.0
rand_PTIK1T9DQ8_render_front.png,1.0165611932749554,1.2,1.1948824463439829
rand_7EGKGR5KZ0_render_front.png,1.05,1.2,1.0
rand_CT5PEHJ898_render_front.png,1.0773093923826367,1.2,1.0
rand_TP509NDQAM_render_front.png,1.05,1.2,1.216773373287416
rand_6U5A609SEB_render_front.png,1.1481849075309072,1.2,1.1018687209776938
rand_JHJ5DHZ0FI_render_front.png,1.2327198453418395,1.2,1.0
rand_AABLTVNKVD_render_front.png,1.0960332926651244,1.2,1.0
rand_3ZCIR6ILWW_render_front.png,1.1482546032316954,1.2,1.0
rand_HW663QK0YL_render_front.png,1.176363241164046,1.2,1.0
rand_Z7HMB363IC_render_front.png,1.1082188438912393,1.2,1.4029333306769636
rand_U9W0GC7OFQ_render_front.png,1.05,1.2,0.8450394538224801
rand_6QSDWGCIZC_render_front.png,1.05,1.2,1.2182098022345418
rand_GI2XKJOXPX_render_front.png,1.2484804976975084,0.959965601282349,0.9737353749531801
rand_XUK4AUN2VI_render_front.png,1.05,0.576046104963368,1.0
rand_XLNVVDCI3O_render_front.png,1.05,1.2,1.5678514066450084
rand_6AWMDDPTCJ_render_front.png,1.1176420740745459,3.2175826530803593,1.0422080809325562
rand_6130G2A3QF_render_front.png,1.05,1.218593798192374,1.0425939520565628
rand_WGNZBPP7M3_render_front.png,1.05,1.2,1.0
rand_FEX1NIRMA6_render_front.png,1.2480578789107806,1.2,0.7750289078024646
rand_C7SCEEAX2M_render_front.png,1.0918006791756538,1.2,1.0526196993733192
rand_N8RCPJOVZ2_render_front.png,1.2506216455617383,1.2,1.2210985413288795
rand_KXXNP54I2L_render_front.png,1.0583759774224513,1.2,1.0243243028976667
rand_LTYJM5F8Y6_render_front.png,1.2730214528809034,1.2,1.0
rand_KN6A3O334C_render_front.png,1.05,2.4239435161142224,1.5963814588836986
rand_6XAZFGC96Y_render_front.png,1.05,1.2,0.7982815728613517
rand_403L3EDLPI_render_front.png,1.0472019283007057,1.2,0.9579263509359859
rand_023FMIGQK0_render_front.png,1.0437820653404477,1.2,1.0
rand_FD8TIMEXLZ_render_front.png,1.2099964305578852,1.2,1.0
rand_I186M2ERY7_render_front.png,1.05,1.2,0.7968029027652695
rand_C9P0C9TG7W_render_front.png,1.2561957211412276,1.2,1.0
rand_3WE35GMQ8C_render_front.png,1.05,1.2,1.5780327096034776
rand_QCGA98KNBR_render_front.png,1.0544916668224262,1.2,1.2397895794335203
rand_ME4Y8JOBL1_render_front.png,1.2000786231289213,1.2,0.7142848539331992
rand_BZQFT0FWK5_render_front.png,1.0580488094826765,1.2,1.4945201495748048
rand_LX6S3O6EEC_render_front.png,1.2900859007956682,1.2,1.0
rand_4GO7AFBF2I_render_front.png,1.05,1.2,1.0
rand_902U5GMH91_render_front.png,1.117685219651283,1.2,1.495002147521281
rand_6HWBJ1ZUK2_render_front.png,1.1826927345608853,3.2256697828109675,1.0030028116838998
rand_7EJ4P4YZRG_render_front.png,1.2651780201911973,1.389350091912398,1.0
rand_4VVG1KAW6V_render_front.png,1.1650338843136538,1.2,1.0
rand_HUZDOU50W3_render_front.png,1.0229190309935623,0.8701483533516772,1.0
rand_69LB9LNXAJ_render_front.png,1.1663375860133964,1.2,1.3007624652745813
rand_EUQVO5PTST_render_front.png,1.05,1.2,1.0
rand_QP4Q8F6NNW_render_front.png,1.05,1.2,1.4691705576377787
rand_1M0KW74XQN_render_front.png,1.0668782508175283,1.2,1.5834415406561533
rand_M6KUY8ZF6X_render_front.png,1.105143840973103,1.2,1.0
rand_9N7JZPEIAZ_render_front.png,1.05,1.2,1.0
rand_1ERK7VFD1Y_render_front.png,1.0559266615972396,1.2,1.0
rand_RGQJ3YH0Q2_render_front.png,1.1823870262150697,0.7644325739010077,0.7095452493960772
rand_TNYEKW2YA5_render_front.png,1.0177700236958012,1.2,1.0
rand_6NQKH6X3TL_render_front.png,1.1113410651230966,1.2,1.15071452719036
rand_RDUKXJG5DC_render_front.png,1.2090420812695608,1.2,1.0509436618263845
rand_L7I93QDK5P_render_front.png,1.05,1.2,1.1218879140618467
rand_L5DKYS1JLP_render_front.png,1.05,1.2,1.4917836883502062
rand_34PEDT1KW8_render_front.png,1.027553536184447,1.2,1.0217385294271315
rand_16W8ARYM6G_render_front.png,1.05,1.2,1.176498483837983
rand_KNDUKPMVPE_render_front.png,1.05,1.2,1.0189381937783997
rand_DKLDFH2GNX_render_front.png,1.2996734628930293,1.2,1.0
rand_B37YOEBEU8_render_front.png,1.2799527643770263,1.2,0.9628061305978439
rand_E1WRFXE0MB_render_front.png,1.05,1.2,1.0
rand_H7SB2JUQZ0_render_front.png,1.185221076059213,0.865353153198514,1.0
rand_L4I3VQVJ79_render_front.png,1.05,1.2,1.2698481036673317
rand_P9CM7RF9M5_render_front.png,1.05,1.2,0.9400954009325861
rand_Z91TL34GBI_render_front.png,1.2757667950553548,1.2,1.039069696429691
rand_K3QY58G6ZK_render_front.png,1.1284820037478736,1.2,0.7518060385291749
rand_SBJEXK6BSO_render_front.png,1.05,1.2,1.2289481450981152
rand_4OCVWGBYM3_render_front.png,1.061923467310507,1.2,1.0
rand_ALJMKS3Y28_render_front.png,1.109625937903958,0.5677361756584947,1.0
rand_GF3TUMMMBV_render_front.png,1.05,1.2,1.0
rand_AMDWGPC9IR_render_front.png,1.1180928033628335,1.2,1.2491256467942395
rand_5U2NQK2T1D_render_front.png,1.05,1.2,1.186956770652935
rand_E4EZXNAWXI_render_front.png,1.0870852838734968,1.2,1.0
rand_1JGSONFALQ_render_front.png,1.1786984869903476,2.065094356861522,1.4981255637706505
rand_U3Z73ZK426_render_front.png,1.2770843507811096,1.2,1.0
rand_M2VPOLQPX7_render_front.png,1.05,1.2,1.0287854968604255
rand_BON82CXETT_render_front.png,1.05,0.7047297843161145,0.8440146402755859
rand_9AMGIX80X1_render_front.png,1.0896612909875152,1.2,1.0
rand_VSHV9NTWRS_render_front.png,1.188109480251608,1.2,1.3225144416559402
rand_HAYTTXLGXR_render_front.png,1.05,1.2,1.0
rand_3DSCJVZ2EU_render_front.png,1.1479720202272428,3.129982201498223,1.0927761550380417
rand_NTQH0RO1L0_render_front.png,1.05,1.2,1.0
rand_WBCD432X11_render_front.png,1.2360048874019107,0.8905454738054908,0.8260035914582133
rand_0OSTSX60RA_render_front.png,1.05,1.2,1.0
rand_YKNK563Q2V_render_front.png,1.1237038499183951,0.6293418020277827,1.0
rand_G4BVSVEQ78_render_front.png,1.2862295600075282,1.2,1.3404218316277654
rand_6EMVS2569O_render_front.png,1.239730058657467,1.2,1.0
rand_F5Q2BSXZWY_render_front.png,1.05,1.2,1.0
rand_YROLT1M5MI_render_front.png,1.05,1.2,0.9835015709059902
rand_QFOBXD5CZ9_render_front.png,1.1731419786913506,1.2,1.0
rand_YTCHQISUDY_render_front.png,1.295150730171013,1.029111915435561,0.9197243271979365
rand_NY8PDT0OHH_render_front.png,1.2848518541906788,1.2,0.9461830655319671
rand_2ZRIC1YOF9_render_front.png,1.0037140299949736,1.2,1.265392235458535
rand_69JHJM5C7S_render_front.png,1.1651917097447515,1.2,1.0
rand_UPLCY083FK_render_front.png,1.1904098264397158,1.2,0.8600957246319898
rand_9NTG375JGI_render_front.png,1.0250847743593163,1.2,1.098122872731774
rand_ST12KJGAUF_render_front.png,1.05,1.2,1.4683695822225569
rand_NZ9PECLPED_render_front.png,1.2036335692021856,1.2,1.0
rand_WLAMG1WJ3O_render_front.png,1.1933564344285144,1.2,1.4474875129799885
rand_O0HZWA9MLT_render_front.png,1.05,1.2,1.0
rand_CZ2BOYEV7S_render_front.png,1.0895616530485133,1.2,1.0
rand_76XX2IRMEN_render_front.png,1.2421725843735096,1.2,1.3020837935071654
rand_1SE6KLSL01_render_front.png,1.05,1.2,0.9301245504294462
rand_VJYFGMTH33_render_front.png,1.230401707389873,1.2,0.8919175402760986
rand_NF3KKDJQX4_render_front.png,1.1671882413588262,1.2,1.285623287094336
rand_FTC5VGB3HU_render_front.png,1.1285345015011952,1.2,1.0
rand_3G1DDHTG0K_render_front.png,1.05,0.8970334249112124,1.0
rand_TSRX0JYPFD_render_front.png,1.05,1.2,1.165927428519181
rand_ZZDZGUKVB0_render_front.png,1.05,1.2,0.8822614427722621
rand_5RA99K4SER_render_front.png,1.1953226760160476,1.2,1.0
rand_5DVS167AF5_render_front.png,1.0441324887179562,0.663246559358817,0.8381347318398684
rand_O65KWA3LVQ_render_front.png,1.0022818888667382,1.2,1.0
rand_9A84WJ2CZE_render_front.png,1.1625993512458508,1.2,1.2239143572017366
rand_C9UX1TVDVP_render_front.png,1.1066755120471152,1.2,1.255231506356833
rand_7TN4B9F2PR_render_front.png,1.05,1.2,1.238790803872261
rand_CAFATIJOUG_render_front.png,1.05,1.1288083896141416,1.5178506372121303
rand_VFP9BK7347_render_front.png,1.05,1.2,1.0011938560852467
rand_2UT239WX5N_render_front.png,1.05,1.2,1.399091690742479
rand_Z8Y9IEZNCK_render_front.png,1.0046302157811247,1.2,1.2686478785083612
rand_KKG1VFOKCP_render_front.png,1.1198284099739844,0.9314837236445533,1.0786701073805245
rand_K0JTWL8WBN_render_front.png,1.158255552331274,1.2,1.503100621635969
rand_YWZN7N88H5_render_front.png,1.05,1.2,1.0
rand_1NKG6I69HH_render_front.png,1.1200898944619337,1.2,1.0
rand_7M5JV54HV1_render_front.png,1.137928095416532,1.2,0.7301347562607807
rand_MAQSROI5CF_render_front.png,1.05,1.2,0.8082765702669691
rand_BVUYZLPYQ5_render_front.png,1.05,1.2,1.0
rand_E06Y4GNA57_render_front.png,1.2856688018972882,1.7072743082390323,1.5827928736947388
rand_E5TCUZB9IP_render_front.png,1.05,1.2,1.2763039532755145
rand_S5ZMV6M5X0_render_front.png,1.0547562642868127,1.2,1.0
rand_N2MGLES1SP_render_front.png,1.0050111960391612,1.2,1.2021261383360793
rand_2CPOAS66P8_render_front.png,1.05,1.2,1.0
rand_GT4JJ3F725_render_front.png,1.1660346865688653,1.2,1.0
rand_GWFVMVQNVP_render_front.png,1.05,1.2,0.9472852178551022
rand_87G0O2RSYB_render_front.png,1.232035107910208,2.413765641762311,1.4339358064204597
rand_1AC9FYXUJS_render_front.png,1.1575038181806767,1.024979175325001,1.5356120389362906
rand_CIYEGX8T8M_render_front.png,1.0388203989020053,1.2,1.1011901854527038
rand_8SJT1WFZX2_render_front.png,1.05,1.2,1.0
rand_71ZY8DV67E_render_front.png,1.05,1.2,0.9651571040460935
rand_03UUHRKEYL_render_front.png,1.05,1.2,1.5735122332070162
rand_YKBBSP2V9A_render_front.png,1.071825783285277,1.2,1.1983475851321288
rand_TLRJAVS56O_render_front.png,1.05,0.9492191286383271,0.9791040892149923
rand_300PM233IZ_render_front.png,1.1130412219986607,1.2,1.0
rand_DSYSFVPZH6_render_front.png,1.05,1.2,0.9775956632820536
rand_8SW5ONTTX8_render_front.png,1.05,1.2,1.2512241092437069
rand_QRA1LZZOYP_render_front.png,1.0451258102542218,1.2,1.0
rand_XVOBMJVBRU_render_front.png,1.05,0.9961777015431803,0.9565756713051339
rand_UO6ZTBSURI_render_front.png,1.0690137942497977,0.9879746624450877,1.0960042856190197
rand_RFXOLRUNAD_render_front.png,1.224389469419886,1.6473052317061367,1.0
rand_BZ4PA90D3P_render_front.png,1.05,1.2,1.0
rand_GKLBY42P7K_render_front.png,1.2325029820692825,1.2,1.150097532780299
rand_F1QCRYL0KQ_render_front.png,1.05,1.2,0.9486142015926645
rand_D4WTYT0XBE_render_front.png,1.0939673665073244,1.2,1.0
rand_CQSA9AMN7W_render_front.png,1.0864979812880928,1.2,1.0
rand_1YMR466YTG_render_front.png,1.012920429237461,1.2,1.0
rand_ORTAUGO7F1_render_front.png,1.0834768641755204,1.2,1.0
rand_3D3J8H7262_render_front.png,1.05,1.2,0.9732952831794422
rand_XEIYDLV6N7_render_front.png,1.05,1.5171937538640647,1.0
rand_G9PRHLSBWS_render_front.png,1.05,1.2,1.311770131192336
rand_HNYTM7V9W1_render_front.png,1.0179536175001414,1.2,1.1667378785802853
rand_DT6XXWAUF3_render_front.png,1.05,1.2,1.1874421965760913
rand_VJ1BOIY9Q5_render_front.png,1.2901948577039937,1.1911854180723789,1.0
rand_A7KGL7N72K_render_front.png,1.05,1.2,1.1414018161280923
rand_TJ02GWEGPJ_render_front.png,1.2048353676328476,1.2,1.0
rand_KQTKIXUCPQ_render_front.png,1.05,1.2,1.0
rand_3NJCAZUH8Y_render_front.png,1.0586139363982012,1.2,1.0
rand_T31LN4VGU0_render_front.png,1.05,1.2,1.2381584921887332
rand_6VU489FTTW_render_front.png,1.1191099378001303,1.6841426941150388,0.9855881074190662
rand_PCLIIBCZBY_render_front.png,1.05,0.9791847624949611,1.2005182451226992
rand_MI6G3F9VLE_render_front.png,1.05,1.2,1.3859562207154128
rand_RJHF6Z4UX5_render_front.png,1.05,1.068546688582642,1.380445588525053
rand_7ILF2TJ2AD_render_front.png,1.1926138049415305,1.2,1.0
rand_SGL6NTH0O9_render_front.png,1.05,1.092254456182143,1.0
rand_E03VAZAQ08_render_front.png,1.1125678239561145,1.1612043420499782,1.268794822040249
rand_VW8W0AEED1_render_front.png,1.05,1.2,1.0
rand_C0WLNH0MNX_render_front.png,1.05,1.2,0.9807754725362866
rand_G7UUQRA2LK_render_front.png,1.05,1.2,1.0
rand_GFCXKPS33Z_render_front.png,1.1896973486367546,1.2,0.9528152249465582
rand_PX2E6U31WW_render_front.png,1.21896245369081,1.9061549709993755,1.0
rand_HYOSBQGIV2_render_front.png,1.204085084526727,1.4177367675137522,1.114847103585723
rand_8URJ9QQCVT_render_front.png,1.0423942980417855,1.2,1.38921425859299
rand_8H79UC7IKK_render_front.png,1.2218611888021438,1.2,1.0
rand_84UVQAMR86_render_front.png,1.05,2.8978550571013684,1.392400871657324
rand_E489IFV849_render_front.png,1.05,1.2,1.0196998781655284
rand_HDDTX5BK74_render_front.png,1.2710132785137191,1.2,1.0
rand_FDA3B6PYVW_render_front.png,1.0361579631568103,2.0535575471979497,1.583901536550669
rand_DMOR64JOXG_render_front.png,1.05,0.934619096035001,1.0
rand_QHQP9X2O6Y_render_front.png,1.05,1.2,1.0
rand_Z37AGEZXFB_render_front.png,1.05,0.7912261502242982,1.0
rand_2N1VSIO5UA_render_front.png,1.2386447193030774,1.7089077250147093,1.0702909780336625
rand_RQ9YA258JD_render_front.png,1.103890548155692,1.2,1.2072859635220188
rand_M7Y15IKVMU_render_front.png,1.05,0.8102859843388981,0.7698432637431782
rand_WQATEX63Z9_render_front.png,1.05,1.2,1.0
rand_0UHSE020SQ_render_front.png,1.05,1.2,1.0
rand_O6OD53HXL2_render_front.png,1.05,1.2,1.4904888861866816
rand_G6ZUC16EER_render_front.png,1.0542291392788297,1.2,0.8436144065403588
rand_RFURI972TU_render_front.png,1.05,1.2,1.0
rand_YSDZ4XL6UA_render_front.png,1.147748884181844,1.711946776574362,0.8870042200204864
rand_F5ZG9N8KB1_render_front.png,1.05,1.2,1.2981326083771576
rand_SLECZMJDBS_render_front.png,1.05,1.2,1.0684847585840682
rand_EIL756SI93_render_front.png,1.05,2.998824972885494,1.3443109533660933
rand_0QNHDB0D2H_render_front.png,1.213091991329109,1.2,1.0
rand_KHS33MKVCM_render_front.png,1.05,1.2,1.4144816785303456
rand_GVL56PV1GQ_render_front.png,1.134578349960318,1.2,1.0
rand_CNI1FWBUGT_render_front.png,1.05,1.2,1.0470371342533906
rand_SU2ONGMSH9_render_front.png,1.0680400090629034,1.2,0.7957152001971945
rand_66QS23AAMW_render_front.png,1.113838261694893,1.2,1.1205725769391666
rand_GF6CJS3DUN_render_front.png,1.05,2.0434199561751694,1.036999207063601
rand_SUWOMQK409_render_front.png,1.1369328938380827,0.9819441794003816,0.9022041105578354
rand_EGY19RZL0X_render_front.png,1.2814155759076467,1.2,0.8172671681310159
rand_BD9JT3C7RS_render_front.png,1.0897239606807652,1.2,0.9549695684039682
rand_LJFJW3ENTG_render_front.png,1.2884584298159758,1.2,1.0
rand_140SIPQZRC_render_front.png,1.0210406042675564,1.2,1.0
rand_4H7PWUVOS9_render_front.png,1.0012632946730344,0.8211253088520927,1.0
rand_5VX3XTSVF5_render_front.png,1.1574376557158532,1.2,1.0092164210380057
rand_TM1JJPRKRP_render_front.png,1.2055184628802558,1.2,1.0039352216359843
rand_QF4BW3XQSC_render_front.png,1.05,0.8481516969132605,1.0
rand_KJBWIIHIBI_render_front.png,1.2717168585874266,1.2,1.0
rand_UARHFOIU16_render_front.png,1.05,1.2,1.1397650988214219
rand_36T7IK65B4_render_front.png,1.06099521963185,1.2,1.488385771488231
rand_3O6NDT95XY_render_front.png,1.2666161421441011,1.2,0.9264635294155283
rand_CL9JJZ566U_render_front.png,1.2185811976695706,1.2,1.0
rand_FGYACTY8LZ_render_front.png,1.1530777593642354,1.2,1.0
rand_0BD28UCVO8_render_front.png,1.05,1.2,1.0
rand_F7AHTOPY3O_render_front.png,1.05,2.373660007407236,1.1840844513251731
rand_LIDJZALFNJ_render_front.png,1.0610711867506541,1.2,1.0
rand_Z9740HS7NB_render_front.png,1.1519790400475869,1.2,1.0
rand_Q5YJT4B1L7_render_front.png,1.264177109767633,1.2,0.9225497224043382
rand_WO45INSH0T_render_front.png,1.05,1.2,0.893304526782892
rand_PFDW1N82B4_render_front.png,1.2181528145076894,1.2,1.0
rand_7SUHORO96H_render_front.png,1.05,0.6200502261401051,1.0
rand_USBB4JPPH2_render_front.png,1.05,1.737027358576322,1.097151897407294
rand_4KA3S9QXN4_render_front.png,1.05,1.2,1.0
rand_9UH65I6Z96_render_front.png,1.1876731977667938,1.2,1.0
rand_B5PVIYSCTW_render_front.png,1.05,1.2,1.0
rand_HGU8B48VE7_render_front.png,1.05,1.2,1.5607507790107218
rand_UWEBJX15NM_render_front.png,1.05,1.2,1.0247153757145366
rand_QI8KE6BVQW_render_front.png,1.2637647666655352,1.2,1.0
rand_97I0G2FIR5_render_front.png,1.2516527828008044,1.2,1.0
rand_UJ3IMGEO9L_render_front.png,1.05,1.2,1.0
rand_44WTVDOUVY_render_front.png,1.2850443315601543,1.2,1.5859110670475927
rand_6TV00BGVH2_render_front.png,1.1042894525813014,1.2,1.0
rand_RX5M5FHS4H_render_front.png,1.152347510711425,1.2,1.0
rand_U5HZYWUFC6_render_front.png,1.05,2.402686269440973,1.0
rand_V7JFNN66CS_render_front.png,1.043459116021552,1.2,1.525491986091086
rand_YFRFYL5K1X_render_front.png,1.20066039160231,1.2,1.0
rand_ZH0ZZ5KC2W_render_front.png,1.05,1.2,1.441232352583847
rand_59GP8HRFAY_render_front.png,1.1538832513550792,1.2,0.8978809512742542
rand_8XNSZGK39J_render_front.png,1.05,1.2,1.4869371552113115
rand_ZPLK3P4SKS_render_front.png,1.0502851561949247,2.2155949681580527,1.4203171611657814
rand_4DFJ1G28K5_render_front.png,1.05,0.7125258117332947,1.0
rand_GMRJ0CSE2Z_render_front.png,1.2618771510999651,1.2,1.0
rand_0QKLALTJRD_render_front.png,1.0514145519447642,1.2,1.0
rand_LRGGQECJ5Q_render_front.png,1.2491528729529762,2.168397472171148,1.0
rand_AIQ0Z2UC8J_render_front.png,1.1773227740032501,1.1142646457749974,1.0
rand_8Y4D85ACW7_render_front.png,1.05,1.2,1.2733054759185174
rand_AHR4VIKETG_render_front.png,1.2482807687170347,1.2,1.0
rand_OIQIGL5D21_render_front.png,1.05,1.3046616926667844,1.4952849396351882
rand_AKNXKRTUAX_render_front.png,1.0440000655952968,1.2,1.1207609890611776
rand_JSKY5EAWOG_render_front.png,1.2463378010728143,0.7550060199736615,0.7651851619107494
rand_X89M10INII_render_front.png,1.248881413151216,1.2,1.109590289386095
rand_BV4PVEIWGH_render_front.png,1.05,1.2,0.8386237005983974
rand_ALN8X0G6XN_render_front.png,1.05,1.2,1.192522651277356
rand_QH7ZNEZK61_render_front.png,1.0647436847694867,1.2,1.0037871713034288
rand_HDI354Q4GJ_render_front.png,1.05,1.2,1.1733945615747023
rand_HLF7UW5FPM_render_front.png,1.120882610677536,1.2,1.0489975392349458
rand_GB8D5EOGM9_render_front.png,1.05,1.2,1.0559801913351243
rand_9D90JSDGQ0_render_front.png,1.214839254546053,1.2,0.9819397347487542
rand_PXMKJDO9I4_render_front.png,1.05,1.2,0.9468513393476784
rand_8CBI2P6WO2_render_front.png,1.05,0.6317447781297663,1.4265239099367293
rand_EQTCWY41X2_render_front.png,1.05,1.4313952983391869,1.0940924998284742
rand_R9MU4UZ2G1_render_front.png,1.298789451477568,1.2,1.5836215674601481
rand_XHTFNAR3MA_render_front.png,1.05,1.2,1.2210369924035958
rand_53QD6WH0ST_render_front.png,1.05,1.2,1.0
rand_DGG86GBUL7_render_front.png,1.05,1.638415036480922,1.3707979703988482
rand_YT98DW865N_render_front.png,1.05,2.0251374097444836,1.0779375996265381
rand_1PSXI9D50T_render_front.png,1.05,1.2,1.0
rand_K0AF7R6ZYZ_render_front.png,1.187850266613097,1.2,1.0
rand_0A36YXPNV0_render_front.png,1.1573860109669818,1.2,1.0030925947852705
rand_O1YXULQKN9_render_front.png,1.231387333061593,1.2,1.0
rand_2DFFMJHIW4_render_front.png,1.1310573578377383,1.2,1.2031653708036234
rand_PQ561JBTYQ_render_front.png,1.0999872585609076,1.2,1.0
rand_NHV90PKX20_render_front.png,1.05,1.2,1.0
rand_EV6IIO0Z2P_render_front.png,1.05,1.2,1.0
rand_YHGGR1D8GX_render_front.png,1.05,1.2,1.0021107268367166
rand_V61AHPDH4M_render_front.png,1.05,1.2,1.0
rand_DEJVJ9WQRC_render_front.png,1.05,1.2,1.5011826604770668
rand_9KI2BEV8O7_render_front.png,1.025201960121141,1.2,1.0
rand_KSO2HT1HTR_render_front.png,1.05,1.2,1.490350915715515
rand_3EB8RXSAXH_render_front.png,1.05,2.5473360204144497,0.9758995193063402
rand_WBA0T686MQ_render_front.png,1.05,1.2,0.9244579591198616
rand_PLN9QLEMSH_render_front.png,1.05,2.251844736846045,0.9929609196150744
rand_80IZY08DVZ_render_front.png,1.075322798594619,1.2,1.4012307633775185
rand_GAH6EPYIOH_render_front.png,1.05,1.2,1.0
rand_93OK562EG4_render_front.png,1.1105188202641039,1.2,1.165639851755743
rand_QP64VZ1AT2_render_front.png,1.05,1.2,1.5132536488783925
rand_L84HDK6DMZ_render_front.png,1.2330070849771069,1.2,1.1396155143009228
rand_0DKUIPHO4V_render_front.png,1.1165576425889334,1.2,0.8043183763344744
rand_PQZH4Z5Q85_render_front.png,1.004644164046338,1.2,1.2279997510946157
rand_MGJGOXM3Y9_render_front.png,1.05,1.2,1.476699327490832
rand_3SO4WIR3E2_render_front.png,1.0315610210291766,0.5648013564317241,0.7705441881405213
rand_9K5HBK6UIW_render_front.png,1.05,1.2,1.0
rand_LZ6O0YBMSS_render_front.png,1.1816957992762924,1.2,0.7537232572523757
rand_1LVXR8X01T_render_front.png,1.05,1.2,1.0
rand_KVGVAULZD2_render_front.png,1.109639450579202,1.2,0.9798729572989541
rand_I9SYQM08IK_render_front.png,1.130699680880274,1.2,1.0177140121835468
rand_O3YS0OODHR_render_front.png,1.0267938111762542,1.2,1.0
rand_0IO1V3IZIB_render_front.png,1.099061116654144,1.2,1.1426639628675161
rand_T37ZTBXH7O_render_front.png,1.05,1.2,0.8307065144617565
rand_3EKI1N6XTZ_render_front.png,1.1678203324855445,1.2,1.0
rand_1YOLRT1MYV_render_front.png,1.2689482852157052,1.2,0.9893280492520768
rand_LD64BTHQQM_render_front.png,1.0829235221519842,1.2,1.2611455673019212
rand_WSZ4ER14R9_render_front.png,1.05,2.657686163249421,0.8320586380864703
rand_YPZ62DOWYT_render_front.png,1.1571211465329343,1.2,1.0
rand_MP7WC40WT1_render_front.png,1.0085444825908825,0.8461579382933808,1.0167205959730565
rand_J11PYF3UJD_render_front.png,1.0190778764885013,1.9905037450255887,1.0
rand_X3ZZSL33HC_render_front.png,1.05,1.2,1.06096257281444
rand_Z7QR1GBFNJ_render_front.png,1.05,1.2,1.0
rand_H38TFKFX2K_render_front.png,1.2754160225467421,1.2,0.7384402705354138
rand_AYDHRKE416_render_front.png,1.05,1.2,1.0
rand_7U31RWQEE4_render_front.png,1.05,1.0871751176550184,1.0
rand_AGYBO94UUH_render_front.png,1.05,1.2,1.1726818721746333
rand_IDFZCW4AA3_render_front.png,1.1713795222594752,1.2,1.0
rand_M64GN2PAIC_render_front.png,1.1766249240341924,1.2,1.0
rand_JF3DVEQDQE_render_front.png,1.05,1.2,1.4940251427228723
rand_JLAJEHZC1L_render_front.png,1.0450535971385362,1.2,1.1241867265424959
rand_OBNC2EUUMN_render_front.png,1.1940431951414,0.637814408625711,1.2338858375290886
rand_N3LAC4FPW7_render_front.png,1.1280020571763962,1.2,0.9146538577310716
rand_SBCHM6VSX6_render_front.png,1.137810205223753,1.7916508240068123,1.284459601271576
rand_LNU0K64SSB_render_front.png,1.1451244511667467,1.5187143643579668,1.1852905853079312
rand_C4QYVPR2ZB_render_front.png,1.05,1.1328820764670322,0.7963517324311058
rand_TD1NMQCD1K_render_front.png,1.105057752401301,1.2,1.0
rand_P46OB055YT_render_front.png,1.05,1.2,1.0
rand_XHMCOUYYBW_render_front.png,1.2942411034520966,0.8661743146743183,0.9868114501570692
rand_YMI7RNKOGI_render_front.png,1.0636663160804745,1.2,0.9911041667575473
rand_G8AF7LEVND_render_front.png,1.05,1.2,1.0072922303385123
rand_JZGXAQLW7N_render_front.png,1.022285093285472,1.0782294456038901,1.0
rand_8PY4ZMX2VC_render_front.png,1.0952762766258557,1.2,1.0186748593528872
rand_CCTHI6M37A_render_front.png,1.2555523600767744,1.2,1.0
rand_OEKP0WZUVH_render_front.png,1.05,1.2,1.0
rand_UZJ4ZWENHC_render_front.png,1.05,1.2,1.0
rand_WVF85ORIT4_render_front.png,1.0852321347976617,1.608233455422623,1.0
rand_SHW66G2GVE_render_front.png,1.05,0.6425998617311862,1.0
rand_BKHBMTNLXC_render_front.png,1.05,1.2,0.9174223408332214
rand_SS4DZ0VC8X_render_front.png,1.0229154615901777,1.2,1.0
rand_KPMVMAXYBU_render_front.png,1.2968303757857995,1.297142737108163,1.0
rand_CFUALUISHQ_render_front.png,1.238577969539933,1.2,1.0
rand_BBYAZ40HKB_render_front.png,1.05,1.2,0.7786123126266369
rand_YYQQDE05S1_render_front.png,1.05,1.2,1.0
rand_2VXT84EGA1_render_front.png,1.2207118556044414,1.2,1.0
rand_RPMZ3NYYQO_render_front.png,1.05,1.2,0.8730048431107826
rand_Q98DS83BSX_render_front.png,1.05,1.2,0.8497742370331077
rand_Q8I74PDH67_render_front.png,1.1510999340932497,0.7563554844821878,1.5212540543511566
rand_B39DP4Q23B_render_front.png,1.05,0.693426898805525,1.0
rand_JRU48WWTUZ_render_front.png,1.1902742075982908,1.2,1.0703375520641853
rand_JZ5CWNEL68_render_front.png,1.0253739466718272,1.2,1.424090345433072
rand_ZK2S3N05Z1_render_front.png,1.2302865932215552,1.2,1.1342979911289413
rand_G3CHCJ7I5B_render_front.png,1.1916611669808046,1.2,1.0
rand_89JV3THM1S_render_front.png,1.0334515424753166,0.7901423291831243,1.0
rand_YOIOPZS3LE_render_front.png,1.2164935728228445,1.2,0.8010265853172045
rand_F3FLO44FAO_render_front.png,1.05,1.2,1.388123598023205
rand_F1MWXEXL0Y_render_front.png,1.2400239566265976,1.2,0.9135706410694178
rand_MA9XKJ7HEX_render_front.png,1.05,1.2,1.0
rand_IT20RF32TX_render_front.png,1.0301616639951243,1.2,1.3251395333836076
rand_4SPB8SQ4AP_render_front.png,1.066188098509061,1.2,0.9860280516796597
rand_VPV05NAWKS_render_front.png,1.05,1.2,1.0302720051607428
rand_PHTFMVSBYZ_render_front.png,1.154216503897486,1.2,1.1017555781738102
rand_DD4HP07OWX_render_front.png,1.05,2.656971269285523,1.0
rand_9SVM7IHT3M_render_front.png,1.0356253514419391,1.2,1.0
rand_N0G98OEUET_render_front.png,1.0690410786892866,1.2,1.0
rand_21WX4KSQA2_render_front.png,1.2675920152431006,0.6353557159182085,0.8575679643287378
rand_FEU8BYO98Q_render_front.png,1.05,1.1544150544674139,1.3888165861273425
rand_RF2L18LFSC_render_front.png,1.05,1.2,0.8961098901309656
rand_QSQOMAHSTA_render_front.png,1.1020661631097024,1.2,1.0
rand_1NYTRRWAKM_render_front.png,1.225884004725545,1.2,1.0
rand_2WL1H6ARLS_render_front.png,1.05,1.2,1.392788637686489
rand_SLAGIQDD7Y_render_front.png,1.1393717054770978,1.2,0.7143363182917376
rand_XKG5CN4PEZ_render_front.png,1.1270620478304152,1.2,1.1341747625042848
rand_TXBMHC75KZ_render_front.png,1.05,1.2,1.0
rand_I25ZJ9L0W6_render_front.png,1.0848161184257523,1.2,0.90005664602766
rand_QMQ6O0PHHC_render_front.png,1.03787832057691,1.2,0.9877596843112235
rand_HG68X8YQYP_render_front.png,1.0133170264857363,1.2,0.8210323028371613
rand_8DR2RJGRPI_render_front.png,1.05,1.2,1.0
rand_K98D7R0D6T_render_front.png,1.2765138628887196,1.2,1.0
rand_R07A5R1F1V_render_front.png,1.1583924040419786,1.2,0.9944499821090957
rand_KX293XU7R5_render_front.png,1.235047812191048,1.1549512852326211,1.0
rand_HL5AQVFX9W_render_front.png,1.03895551535203,1.2,0.826618358812949
rand_O5UKHAZPWC_render_front.png,1.05,2.1058473818238364,1.1125396119419548
rand_N02KUP2JWR_render_front.png,1.05,1.2,1.4056397742598112
rand_2GFY4OSWZ9_render_front.png,1.1481111508347557,1.2,1.2170207864608846
rand_7QPGFVS5SM_render_front.png,1.1378609894855132,1.2,1.0
rand_A1R9FRW6IH_render_front.png,1.0586828534644028,1.2,1.0
rand_TPQJ5BC55C_render_front.png,1.0817212189877687,0.6867878418412766,1.0
rand_RVLLKAK08U_render_front.png,1.202872080723618,1.2,1.0
rand_AUBL9BNUUC_render_front.png,1.05,1.2,1.1869654222660941
rand_QAUPVSIWQJ_render_front.png,1.05,1.2,1.0
rand_UVYV9OGQEL_render_front.png,1.05,1.2,1.5745666610794475
rand_G8KS87RFE0_render_front.png,1.0105104926157482,1.2,1.3756308288974675
rand_5EUWU7HX5E_render_front.png,1.05,1.2,1.4217126975081553
rand_2DTO226KCB_render_front.png,1.0849408699370164,1.2,1.0
rand_GQ63ZDZL5G_render_front.png,1.05,1.2,1.5309718615901828
rand_295MPL3NTA_render_front.png,1.2258989129661393,1.2,0.9021519851871009
rand_XC4RRHG45Z_render_front.png,1.05,1.2,0.8984692553012305
rand_OXHN46VBPB_render_front.png,1.05,1.2,0.708354674808433
rand_N4AB8GAWMF_render_front.png,1.05,1.2,1.1322778989707993
rand_KKJ5P9SCGT_render_front.png,1.05,1.2,1.0
rand_8DLUVPOI9D_render_front.png,1.1554767789638487,1.2,1.0
rand_XHL9LDDUDD_render_front.png,1.05,1.2,1.0
rand_D5QKH709Q5_render_front.png,1.05,1.2,1.0
rand_5LR7Q171V5_render_front.png,1.233167404093978,1.2,1.2133809490663476
rand_SYS2QQVOJZ_render_front.png,1.2560268108212505,1.2,1.3258205986022462
rand_O4HSNLX0ZC_render_front.png,1.05,1.2,0.7758616759842629
rand_KVU56ONE7Z_render_front.png,1.1740819117201986,1.2,1.0
rand_MHUTP5PAD7_render_front.png,1.05,1.8252688382518278,1.0
rand_4Y88YQ405D_render_front.png,1.05,1.2,1.1346566243512628
rand_OP1DX8FIJO_render_front.png,1.2382714601686455,1.2,1.0
rand_KPZWA7KJJC_render_front.png,1.2473505347689295,1.2,1.1174737341801246
rand_L4CC81U0AO_render_front.png,1.05,1.2,1.401019993210918
rand_M6QHJTO6F9_render_front.png,1.1421163623016364,1.2,0.9155812436264794
rand_95PWO420LM_render_front.png,1.05,1.53550887849295,1.0
rand_HGVXYLC30G_render_front.png,1.05,1.2,1.5592578369573893
rand_MMFO81PM23_render_front.png,1.05,1.2,1.0990466848244782
rand_4HJLFCQ4WF_render_front.png,1.1486199632957834,1.2,1.0
rand_8B3H7HM0DY_render_front.png,1.1507159674602285,2.7109228191984514,1.0
rand_GIJ02COAN9_render_front.png,1.0135534969832778,1.2,1.0210936654037055
rand_H3DUIFBZAJ_render_front.png,1.2974641866895535,1.2,1.4329661363854311
rand_ZM0AKQ9CAS_render_front.png,1.0388669388971579,1.2,1.4910279487692946
rand_E1S932E8Y9_render_front.png,1.0808460254778516,1.0681409844595224,1.1525943945466162
rand_DF6WD12TTY_render_front.png,1.0221528011696508,1.2,1.0
rand_Z7HT8UYE6U_render_front.png,1.05,1.2,1.2657212331550576
rand_0V45X4ELM8_render_front.png,1.05,1.2,1.0
rand_FJJ044I4UG_render_front.png,1.05,1.2,1.0
rand_MN7SOBU1FF_render_front.png,1.233767345841302,1.2,1.0
rand_N3G9OVQEL2_render_front.png,1.1937310726117196,1.2,0.725259795890819
rand_BEGJ9Q4BQZ_render_front.png,1.05,1.2,1.3663409986998465
