File Name,waist,width
rand_TSC4GAM9I9_render_front.png,1.2822067991200274,0.2
rand_3LFR3G4DLP_render_front.png,1.0,0.2
rand_P6R6ZXVUT9_render_front.png,1.0,0.11332714959317153
rand_CRJNX11FYA_render_front.png,1.0,0.2146321408144427
rand_O2RWGJJ05M_render_front.png,1.0,0.2
rand_7W3LZED1C2_render_front.png,1.0,0.2
rand_GA4UHIK18H_render_front.png,1.0,0.2
rand_485J9YNDZM_render_front.png,1.8472744943972703,0.9870243302501602
rand_3WXW2CMXST_render_front.png,1.0,0.6001204195024272
rand_258W5BARKH_render_front.png,1.0,0.20015378372641313
rand_G6EKRQ1D73_render_front.png,1.0575183772860788,0.2
rand_ES6U0O43A0_render_front.png,1.0,0.2
rand_0PGKZS94SS_render_front.png,1.0,0.7757291515060666
rand_E6PG29YXWD_render_front.png,1.0,0.5521626566671146
rand_MDK4CDBITZ_render_front.png,1.0,0.2
rand_PIW7KVSQMB_render_front.png,1.0,0.704212692130247
rand_V1LS41H3SP_render_front.png,1.0,0.2
rand_QJJ0GRUB8Z_render_front.png,1.0,0.2
rand_NV8YX8P0XQ_render_front.png,1.0,0.2
rand_66SX1GDMT7_render_front.png,1.0,0.6102428420663785
rand_FAEXV1X6CK_render_front.png,1.0,0.842079557932799
rand_SF0LFDGGGM_render_front.png,1.0,0.7881348502798078
rand_SW0K32A7KJ_render_front.png,1.0,0.2
rand_ZRDD4B7MIM_render_front.png,1.0,0.2
rand_I6FRBS3WPZ_render_front.png,1.0,0.9839516176615033
rand_8IPHKO2YFF_render_front.png,1.0,0.829919331889633
rand_N8TGGQYMRL_render_front.png,1.0,0.2
rand_POGEBWJHKG_render_front.png,1.0,0.57762487362885
rand_COHEXRK1CP_render_front.png,1.0,0.2
rand_FGD8X35U0E_render_front.png,1.0,0.2
rand_ZAO0IES79Q_render_front.png,1.0,0.2
rand_1TI733OBE8_render_front.png,1.0,0.2
rand_Y212S8RJ0S_render_front.png,1.0,0.37242244723893925
rand_PHQ2VXSGWH_render_front.png,1.1937197967655764,0.2007207290309267
rand_0IQLMC4K63_render_front.png,1.0,0.6769859677445967
rand_IKM4EX767C_render_front.png,1.0,0.2
rand_OGC92Z9YQO_render_front.png,1.511105264886956,0.8325300833386851
rand_403GMNPYUR_render_front.png,1.0,0.1615988787985566
rand_P9MIF3E0OR_render_front.png,1.0,0.2
rand_R3EB8U6YVK_render_front.png,1.0,0.9150156021640222
rand_HKCTV0F1QH_render_front.png,1.2157071460382807,0.5556005409849564
rand_U1NZCAIQ04_render_front.png,1.0,0.2
rand_U8DM09PS80_render_front.png,1.0,0.605877543449477
rand_MGT8I2Q13P_render_front.png,1.0,0.12761971859431703
rand_3Q47520F48_render_front.png,1.0,0.2
rand_C9WM8Y1FBS_render_front.png,1.9671369084715404,0.3857629059602239
rand_BX6EQ0A6VU_render_front.png,1.0,0.2
rand_WJICNQGBAR_render_front.png,1.0,0.2
rand_6TBMWQ6LZP_render_front.png,1.0,0.2
rand_TW1UPMZ08X_render_front.png,1.0,0.4823019201877087
rand_5H1L7BJTON_render_front.png,1.0,0.2
rand_J1VCZTKDYF_render_front.png,1.483453126706412,0.5473932977500955
rand_NOVMPTBIVB_render_front.png,1.0,0.6785818438574589
rand_R1O4NFP90X_render_front.png,1.2389619378968093,0.23396160498887092
rand_1CD3YYRON6_render_front.png,1.9250797077320023,0.9468115090963639
rand_GKKWSPWZJV_render_front.png,1.0,0.2
rand_HJ8BLO9SMJ_render_front.png,1.743868749877851,0.30359386501618646
rand_X2UW3NGST5_render_front.png,1.0,0.9198294328011979
rand_IDWC22OIX7_render_front.png,1.673296329157599,0.2
rand_0O0DJJWFIT_render_front.png,1.0,0.8553374244467292
rand_6125D60EDP_render_front.png,1.026692675312268,0.7429824101126211
rand_AQ9J8PZFV9_render_front.png,1.5349705294444806,0.2
rand_7EH5EMJZPM_render_front.png,1.0,0.2
rand_VJ6AU7ADUY_render_front.png,1.0,0.2
rand_JTT4AB364V_render_front.png,1.8747938292243371,0.8090142726976912
rand_IM8SB9V0WH_render_front.png,1.0,0.8181954353589165
rand_6MXE7SCOLP_render_front.png,1.0083712475983169,0.8661139596612885
rand_NAD4NIRNPL_render_front.png,1.0,0.6228585509519354
rand_XWNFDI8YKA_render_front.png,1.0,0.2
rand_TQJ04JGOL5_render_front.png,1.0,0.15955492790909093
rand_5DY3AIHCOT_render_front.png,1.0,0.2
rand_GP9TM4Z8W7_render_front.png,1.0,0.2
rand_WE30DWLQWJ_render_front.png,1.0,0.2
rand_T9SJDOCF2R_render_front.png,1.0,0.9344806209467234
rand_HCS6XO4886_render_front.png,1.0,0.2
rand_3NEKBHD8Q9_render_front.png,1.0,0.5632226358681234
rand_RUVV2T25Q3_render_front.png,1.0,0.2
rand_IM7OSNSZPJ_render_front.png,1.0,0.796983007146644
rand_XDKRLUC95Z_render_front.png,1.0,0.3311721465727889
rand_1HQAX4I58N_render_front.png,1.7140734840950422,0.9434330268259544
rand_OJNHGTPGU3_render_front.png,1.0,0.2
rand_4IV046C01B_render_front.png,1.7404044988539087,0.2
rand_248Z665KJK_render_front.png,1.0,0.2
rand_V5Z1V8UM6Z_render_front.png,1.0,0.2
rand_4CISXXKXN5_render_front.png,1.0,0.4343764485520517
rand_L5CPJCCDIU_render_front.png,1.8686034692773545,0.2
rand_SMV2H6X7KU_render_front.png,1.0,0.5190853336583948
rand_YA4CJMZR2O_render_front.png,1.0,0.2
rand_09RJPU2VKT_render_front.png,1.0,0.9270313710280357
rand_ABHE8ICRFU_render_front.png,1.1216314522050344,0.2
rand_C2A2VGWH6P_render_front.png,1.0,0.2
rand_ELX6PGWAER_render_front.png,1.0,0.2
rand_V7GPCTV9FS_render_front.png,1.0,0.4197749608560978
rand_273QADAK6Z_render_front.png,1.0,0.13615581614275135
rand_WAGOCFCFMH_render_front.png,1.0,0.6848571281850793
rand_G2W3KJ3G83_render_front.png,1.0,0.2
rand_F1HMCE6HDL_render_front.png,1.8330406728696356,0.27955385439842434
rand_P6D3EW5XI3_render_front.png,1.0,0.2
rand_WK8QW5YRW7_render_front.png,1.0,0.2
rand_14S3RGMSRG_render_front.png,1.0,0.1196642589742255
rand_UL85X8ND54_render_front.png,1.0,0.391008924881022
rand_GHE65HSSX2_render_front.png,1.0,0.6868605131081023
rand_97ABI9ORNR_render_front.png,1.0,0.5700264715092733
rand_8Q8OGWQLJ1_render_front.png,1.0,0.1363574313967494
rand_28T397A12V_render_front.png,1.0,0.3886457254775082
rand_ONLSUHJ0QT_render_front.png,1.0,0.2
rand_3SVCRTSEGG_render_front.png,1.0,0.2
rand_8GF50XO1HM_render_front.png,1.8401295489590046,0.745128980396388
rand_IMCIL33SJE_render_front.png,1.4250675454821429,0.2
rand_6AFUZ6N9B1_render_front.png,1.8271957153624427,0.29679257952966265
rand_JT4WETVK1B_render_front.png,1.0,0.2
rand_JZC6RG7BYB_render_front.png,1.163549460444767,0.2
rand_KVCHG6NZ2J_render_front.png,1.1976803239526186,0.2
rand_TB13XAK4DR_render_front.png,1.0723000663171747,0.2
rand_6UROTSLW28_render_front.png,1.1824024172050192,0.2
rand_DGPO0097ND_render_front.png,1.7975073244780875,0.9596841179326442
rand_OYAMYQX0FX_render_front.png,1.0,0.3382350204212863
rand_LSVDGG5JSM_render_front.png,1.0609494927281469,0.2
rand_U5CDI126UU_render_front.png,1.0,0.2
rand_RNMDBYUO2S_render_front.png,1.0,0.9948618739727784
rand_AWYJLL5JJS_render_front.png,1.70620893645021,0.2
rand_3WGDRA2ED1_render_front.png,1.0,0.2
rand_N346070VNC_render_front.png,1.484769983429651,0.22495659285241593
rand_B73SRBUL8I_render_front.png,1.8615366372861237,0.2
rand_HAL02DBE2L_render_front.png,1.0,0.4606523646416999
rand_P9J4JXJ4K0_render_front.png,1.0,0.5266616529554343
rand_WJOQAO1SUU_render_front.png,1.0,0.2
rand_LV1P7WRUTP_render_front.png,1.046820827646556,0.7094372993344076
rand_A5BMRX4246_render_front.png,1.0,0.9744739810236512
rand_U6SUZWT519_render_front.png,1.0,0.2
rand_HGH4VUN253_render_front.png,1.0,0.2
rand_LGF4K2ASXY_render_front.png,1.0,0.13793572641107152
rand_FY6JHEEVE9_render_front.png,1.0,0.7351055105223033
rand_VPXBJFL8Q7_render_front.png,1.0,0.9699043004957958
rand_TV95FERTAT_render_front.png,1.4089368903351507,0.2
rand_2YQZ16SQM1_render_front.png,1.1466048891561555,0.2
rand_NIWWJTF3G7_render_front.png,1.0,0.9436098702476298
rand_M58BDBU65O_render_front.png,1.966968527451833,0.41983677500771666
rand_AP927NWFOI_render_front.png,1.0,0.35150118775941763
rand_3HKSI5OSB3_render_front.png,1.0,0.819207312340439
rand_GXHR3JFQ23_render_front.png,1.7769448019068412,0.10266453777532535
rand_37ELP037L5_render_front.png,1.5757304479482275,0.2
rand_AA4A593E9S_render_front.png,1.0,0.2
rand_8PPZ4N9M1B_render_front.png,1.537368041727276,0.389632422804732
rand_GKTDGOUG58_render_front.png,1.0,0.2
rand_G9ZOGMVY3A_render_front.png,1.0,0.2
rand_PT0J2QTHRB_render_front.png,1.0,0.2
rand_09WQLJ3QED_render_front.png,1.0,0.2
rand_8OQZ6ECR8Q_render_front.png,1.0,0.12326458176770515
rand_5OLD04AHZD_render_front.png,1.0,0.321417967913032
rand_N5HRZ5IPTW_render_front.png,1.0,0.2
rand_PVKTB0DW0G_render_front.png,1.0,0.5951803075736902
rand_8CM6BN2FQK_render_front.png,1.853788324734559,0.2
rand_WGPKQ63IXO_render_front.png,1.0,0.2
rand_RWFZMUL7G5_render_front.png,1.0,0.2
rand_H5ZVJEEP4W_render_front.png,1.0,0.2
rand_RZWNT4YS0K_render_front.png,1.0,0.2
rand_D3OWUFGM9B_render_front.png,1.0,0.2
rand_N7YD46O3J7_render_front.png,1.0,0.2
rand_LIGBMAHO3A_render_front.png,1.0,0.40479228723491323
rand_YFKMTZT4G5_render_front.png,1.0,0.7999824775563098
rand_RIU4GGNHS1_render_front.png,1.0,0.2
rand_6COKKPXXRC_render_front.png,1.0,0.2910776910758549
rand_4K05ULD7F5_render_front.png,1.0,0.2
rand_9VUJTKSLBJ_render_front.png,1.0,0.6902827342670139
rand_OAOJWAOCAB_render_front.png,1.7885644372842726,0.2
rand_SLOVEP7RCA_render_front.png,1.0,0.2
rand_6C2BYV1W52_render_front.png,1.0,0.2
rand_MO5L5BOBVQ_render_front.png,1.0,0.2
rand_68UKUQ6KVZ_render_front.png,1.0,0.2
rand_MRM5OS0YGR_render_front.png,1.0,0.2
rand_WV18BVDXKN_render_front.png,1.0,0.2
rand_INUTTJS5K3_render_front.png,1.0,0.2
rand_LBCMVX4LDU_render_front.png,1.9464286846006913,0.2
rand_MTHKTLCG0I_render_front.png,1.0,0.8560913029860432
rand_A3HS0QTF8D_render_front.png,1.0,0.6663111500053659
rand_5DC7RFDCTA_render_front.png,1.0,0.2
rand_1RNARIKK4P_render_front.png,1.3522016241015027,0.692627047862206
rand_7CN2LNTO9H_render_front.png,1.0,0.2
rand_OZ6BT4FT6N_render_front.png,1.0,0.6995951175873587
rand_9SNUECZ0ZC_render_front.png,1.0,0.9913991077004144
rand_JBO9M1L2UK_render_front.png,1.0,0.2
rand_DHRYGTWCA8_render_front.png,1.7029999249531662,0.7463810987527664
rand_8A0C5VBTES_render_front.png,1.0,0.7304912524004356
rand_1HF52EAFZ4_render_front.png,1.6944764244235213,0.2
rand_1HVSA5XZI5_render_front.png,1.0,0.44757193304473897
rand_7N4O68KK4H_render_front.png,1.7449310449799513,0.2
rand_AE9AGPLS50_render_front.png,1.0,0.7991198758417404
rand_MZTHIORI0Q_render_front.png,1.0,0.2
rand_AH92EJU013_render_front.png,1.0,0.2
rand_Q6I0XL21I7_render_front.png,1.0,0.2
rand_QVBYWQYGOD_render_front.png,1.0,0.7847756353223089
rand_MPGK783J8Z_render_front.png,1.0,0.5149507717076954
rand_CZ2I883VQW_render_front.png,1.0,0.2
rand_O8VKJ3SF99_render_front.png,1.5727641498320164,0.16450819478214496
rand_QVX8GBZ45R_render_front.png,1.0,0.13067051342658723
rand_2UO1IZ4GYS_render_front.png,1.0,0.3363744193385503
rand_CY1J8VFWBF_render_front.png,1.0,0.2
rand_O1NHUZ4CUR_render_front.png,1.0,0.7968143475318455
rand_7OUPQ20XGR_render_front.png,1.0,0.1093513045675474
rand_B2YY50KN3N_render_front.png,1.0,0.8898078642118337
rand_C3E0U17IP1_render_front.png,1.4373504808702364,0.3987596988114255
rand_CVF0N4FTJJ_render_front.png,1.0,0.6015660628574592
rand_C83HSRWIWT_render_front.png,1.0,0.29560044602130076
rand_ZCFN3QU73V_render_front.png,1.0,0.2
rand_OZ4JI7WT12_render_front.png,1.0,0.2
rand_21SJ0WNZB1_render_front.png,1.6257495719524169,0.2
rand_E9JRUFGYEV_render_front.png,1.0,0.2
rand_3MN40XII0W_render_front.png,1.0,0.2
rand_6VBCSAIJZ3_render_front.png,1.0,0.9422374026294151
rand_5EUREMVS4V_render_front.png,1.8991233976940993,0.2
rand_44V8ZSPGWA_render_front.png,1.0,0.2
rand_RW2J0R0ZZ6_render_front.png,1.0,0.2
rand_9X3TS4TWLG_render_front.png,1.0,0.8511937481672524
rand_F9QTU1ODVF_render_front.png,1.0,0.2
rand_MFQC4ZPD6D_render_front.png,1.0,0.2
rand_Y8QMU565S8_render_front.png,1.0,0.6769410664977272
rand_LDN130J798_render_front.png,1.0,0.2
rand_6BUD2SSB87_render_front.png,1.312750846289572,0.9327692186344924
rand_LWZV11CTLS_render_front.png,1.0,0.2
rand_P8HWUAWEYI_render_front.png,1.0,0.2
rand_SXY0UU33BS_render_front.png,1.0,0.2
rand_8HGR12JXX8_render_front.png,1.0,0.17888719193480587
rand_D9RMV2SYPC_render_front.png,1.0,0.3581434139374857
rand_7LD74VNR5N_render_front.png,1.0,0.40305672552945426
rand_RN9FOSEWI1_render_front.png,1.7326565099168456,0.8311748886870957
rand_G85PIRSEOQ_render_front.png,1.0,0.2
rand_A4ZIASGXLT_render_front.png,1.22248479466246,0.6659603388828859
rand_1SR34YTITJ_render_front.png,1.0,0.5155556973880377
rand_PNBJWGINBT_render_front.png,1.0,0.3619187229557804
rand_R0CDUO1XGC_render_front.png,1.0,0.2
rand_76DXD3W8AD_render_front.png,1.0,0.2
rand_0UFNU9Z3I9_render_front.png,1.5343313878343088,0.2
rand_FWSA8FL2ZB_render_front.png,1.0,0.8967200148149976
rand_Z0HAFUDB4W_render_front.png,1.0,0.2
rand_9E7F8XWFC4_render_front.png,1.0,0.2
rand_F0EYCOSCEF_render_front.png,1.8702467992656249,0.2
rand_CMHFJDBF8Z_render_front.png,1.0,0.18777589608218365
rand_TMBCDOCSYR_render_front.png,1.0,0.3981901514857541
rand_PNWGBFYD9B_render_front.png,1.8538153884893172,0.2
rand_FKYMC7JY0P_render_front.png,1.0,0.2
rand_7G2D48P95M_render_front.png,1.0,0.2
rand_6FA0WDJOAB_render_front.png,1.0,0.7005312332132714
rand_K3GF9VMGTO_render_front.png,1.3263419193147188,0.23847834110028995
rand_RZN2PW02QP_render_front.png,1.0,0.4299063020933811
rand_NTBMB0NV0R_render_front.png,1.0,0.8555617478002553
rand_IMB4RPKGCM_render_front.png,1.0,0.584318636515341
rand_MPOC4DJS72_render_front.png,1.0,0.10027900103180487
rand_3LB6N6HXAQ_render_front.png,1.0,0.2
rand_C86KPT4JI8_render_front.png,1.0,0.5620884342772187
rand_LZOX82JWAY_render_front.png,1.0,0.39444105798492457
rand_AA2WVJ3CJP_render_front.png,1.0,0.5209676999149121
rand_UC4TPX03NN_render_front.png,1.0,0.2
rand_MTBEP28RKI_render_front.png,1.0,0.7983182880710825
rand_J34PO1LFBJ_render_front.png,1.0,0.2
rand_XHVY3HH5YK_render_front.png,1.0,0.6395282430395978
rand_GEZE80YT1Q_render_front.png,1.0,0.73451820703486
rand_7QB2PSIT9P_render_front.png,1.0,0.2
rand_KWDNV3WE12_render_front.png,1.4340602322060323,0.2
rand_8W9HWT3IRX_render_front.png,1.0,0.5490180714360947
rand_4B8HNSVBK1_render_front.png,1.0,0.2
rand_2EO973YGBD_render_front.png,1.0,0.2
rand_9MLVNASM0F_render_front.png,1.0,0.4055276675866828
rand_C4VQ6JIUFS_render_front.png,1.0,0.2
rand_IW5WYMMP7Y_render_front.png,1.0,0.2
rand_1A8YV15ISI_render_front.png,1.0,0.9278034877052782
rand_VYU8GXTXFA_render_front.png,1.0,0.2
rand_6VFYUI3EF9_render_front.png,1.212939617548968,0.6247991012602467
rand_S2RMBQL084_render_front.png,1.0,0.2
rand_VIIVIJ2TIN_render_front.png,1.0,0.2
rand_S6ZR56FFDV_render_front.png,1.0,0.43476174313790117
rand_D29VMAGLXV_render_front.png,1.0,0.7670259172268684
rand_R5LYUC4FM5_render_front.png,1.0,0.341072849271882
rand_1RXTBHEXZS_render_front.png,1.0,0.2
rand_NFA7PUL6CQ_render_front.png,1.0,0.2
rand_9ANMJ5F2U5_render_front.png,1.42989644391496,0.909774557000442
rand_JL8VBN9XAM_render_front.png,1.0,0.2
rand_3AUY9EZOOK_render_front.png,1.0,0.48752585140927607
rand_ZUH68RCP25_render_front.png,1.0,0.25093143682560887
rand_WPX2KJ74GZ_render_front.png,1.0,0.329787929528472
rand_LYBRB4LXMH_render_front.png,1.691801709666767,0.20387668889916377
rand_81XJWYQHRK_render_front.png,1.0,0.2529122796041699
rand_NXQAM55RSD_render_front.png,1.0,0.2
rand_W7N42A95LF_render_front.png,1.4594453432375318,0.2
rand_JDFXAMW981_render_front.png,1.1803178473566898,0.5470496896952409
rand_HSO5AILY00_render_front.png,1.0,0.2
rand_UO1QPIU82B_render_front.png,1.0,0.7785700481339545
rand_C1YRMQDKAL_render_front.png,1.0,0.8105868885144475
rand_NZJOFD6030_render_front.png,1.8304914310852833,0.8707955950824215
rand_632J39T40I_render_front.png,1.0,0.3154713454209101
rand_IZ33K5P39Z_render_front.png,1.0,0.805191474681905
rand_7K61T0LYFJ_render_front.png,1.929933456336963,0.4844601602976817
rand_4OHIXWV6W8_render_front.png,1.2932442952467929,0.5067177639517904
rand_4PE0Z04VI3_render_front.png,1.9987229359595937,0.2
rand_3PEK775TQV_render_front.png,1.0,0.2
rand_UTF11DTUOK_render_front.png,1.0,0.7591457400798157
rand_CYT57O5HFV_render_front.png,1.0,0.2
rand_ENPURW75BD_render_front.png,1.0,0.2
rand_RE0YN8HUGI_render_front.png,1.6639162148415454,0.23348666295189557
rand_IYF3AMZMI4_render_front.png,1.100965222796434,0.8154180113509958
rand_BP0FMHPISQ_render_front.png,1.0,0.2
rand_QBQES3XB65_render_front.png,1.0,0.2
rand_IESNQOWHUQ_render_front.png,1.0,0.1682884439067482
rand_ZQZV3Y1S0F_render_front.png,1.0,0.42577768662838167
rand_DAAS6N2ARY_render_front.png,1.6464235974219057,0.6990584577933998
rand_3LJXT22NL0_render_front.png,1.0,0.2
rand_SQZ6FCTGE0_render_front.png,1.1160990898422187,0.24654376386156363
rand_NG13KJQOGY_render_front.png,1.0,0.2
rand_BP1KC1H6RP_render_front.png,1.0,0.845980347625559
rand_Y9FN40QYY3_render_front.png,1.1597206042066113,0.8525517693087212
rand_FK56FEC7JX_render_front.png,1.0,0.4117170601849499
rand_JXLNO52F0K_render_front.png,1.0,0.2
rand_MKLSVOMBUE_render_front.png,1.0,0.2
rand_FEVH9576TP_render_front.png,1.0,0.2
rand_C0RL1FT4GL_render_front.png,1.0,0.2
rand_E3P4KXHMJH_render_front.png,1.0,0.2
rand_NRFU803UGF_render_front.png,1.0,0.2
rand_5ELIO91V7N_render_front.png,1.0,0.2671395163381085
rand_OQYE7EOLCH_render_front.png,1.3409870458148725,0.6388957968885599
rand_YSIARC2AHI_render_front.png,1.5130731701199678,0.22097656276402555
rand_4TRJ5YJIR5_render_front.png,1.0,0.2
rand_BWCGM9ATHV_render_front.png,1.0284811181677282,0.40882838042665726
rand_VFW8EHOLZC_render_front.png,1.0,0.9824458774853091
rand_8GBIRYQYRW_render_front.png,1.0,0.2
rand_4NB51KJC65_render_front.png,1.0,0.2
rand_MNWJYP97T9_render_front.png,1.1281208247722923,0.49475487664713635
rand_PBVHM8F5W1_render_front.png,1.5017386959992505,0.2
rand_X562PZRL91_render_front.png,1.6240803992698618,0.2
rand_IORZ26YGGQ_render_front.png,1.0,0.32495590436129196
rand_RTUDPBKMGG_render_front.png,1.0,0.4426551636204836
rand_JXBZOQTTHP_render_front.png,1.0,0.2
rand_HNJ4G3GCQF_render_front.png,1.0,0.2
rand_NR6HGWAKV1_render_front.png,1.9170563103309748,0.584836490728944
rand_D7OAC0HKEB_render_front.png,1.0,0.4282206479149092
rand_GYXKI95OGS_render_front.png,1.0,0.2
rand_SY4HMVFNBT_render_front.png,1.430158953348596,0.2
rand_92MZIGKWMJ_render_front.png,1.0,0.2
rand_F4Y219IQZR_render_front.png,1.3530055728172528,0.2
rand_0BYYF4ET0T_render_front.png,1.0,0.9458734474892322
rand_8L5C2F28RH_render_front.png,1.0,0.8246062464016972
rand_IUODWJQ55F_render_front.png,1.0,0.3030253420875145
rand_DHSYSVGCAZ_render_front.png,1.0,0.2
rand_ELYQLV0FR8_render_front.png,1.0,0.332061425899948
rand_BQNZQZQ4Z7_render_front.png,1.0,0.31365292858404437
rand_KIE8XH6NG9_render_front.png,1.0,0.2
rand_GXHDNYR79Z_render_front.png,1.0,0.2
rand_UFT20FQSC0_render_front.png,1.310712778461398,0.7594166372355192
rand_OY6OKWYXXW_render_front.png,1.0,0.2
rand_PH5DJSBDR5_render_front.png,1.0,0.2
rand_MAAOZ5OJP0_render_front.png,1.0,0.2
rand_X3P2V1MYBX_render_front.png,1.2629283387785324,0.2
rand_J1IUV9VY8Q_render_front.png,1.0,0.2
rand_2I4VZ4SXFX_render_front.png,1.0,0.6781128103110499
rand_2HQEJ5LVL4_render_front.png,1.0,0.2
rand_P96VKL21PE_render_front.png,1.0,0.2
rand_QPCRZX4BMS_render_front.png,1.0,0.4349282769416668
rand_0UXS3J0GYN_render_front.png,1.0835079355719595,0.2
rand_X2T3IP3ORV_render_front.png,1.0,0.37226480928705774
rand_KQ890FDQ8X_render_front.png,1.0,0.18865776392174965
rand_8SQBBOGB69_render_front.png,1.0,0.2
rand_TCFZHDRKNH_render_front.png,1.0,0.2
rand_1FD5WAL3V5_render_front.png,1.4300132820348015,0.6637625723175611
rand_7MPSDJOS26_render_front.png,1.0,0.2
rand_7YYNTF2WZ6_render_front.png,1.0,0.6768400484204523
rand_1Q7SCGVCYH_render_front.png,1.7031099618332712,0.2
rand_ZL3KYW7IB5_render_front.png,1.0,0.2
rand_JVH95D4L4S_render_front.png,1.0,0.2
rand_DMWVOMO14R_render_front.png,1.0,0.2
rand_YCR7T70T3U_render_front.png,1.0,0.2
rand_SM87ZO7LRL_render_front.png,1.0,0.8621304414980157
rand_MK04HGKOJ4_render_front.png,1.0,0.2
rand_DIILRTL67U_render_front.png,1.0,0.2
rand_1UFGA8AAGP_render_front.png,1.0,0.2
rand_N4ABCA3VMS_render_front.png,1.0,0.2
rand_821FGATVKJ_render_front.png,1.0,0.8146077361658847
rand_TO6DPX0VHB_render_front.png,1.0,0.5488444271414635
rand_0VX7RDL1S4_render_front.png,1.0,0.5567405929965417
rand_JR9IYVZQ5T_render_front.png,1.2130801715095072,0.2
rand_H2IJBROLPT_render_front.png,1.0,0.2
rand_22I0Y5JF41_render_front.png,1.0,0.2
rand_ZICEG2MT0P_render_front.png,1.0,0.2
rand_K0YROUA3OG_render_front.png,1.0,0.6494004790598366
rand_T46J59GPLB_render_front.png,1.0,0.2
rand_3DAWRL77EB_render_front.png,1.6394504361901494,0.2
rand_PLE3OLNZ9F_render_front.png,1.0,0.6246419093924975
rand_UKP12M48AO_render_front.png,1.0,0.3915510574929286
rand_WLCVZO5HF2_render_front.png,1.3479833120353093,0.2
rand_P8MQFPU1IE_render_front.png,1.1243978688592637,0.15380637044879322
rand_7TYHTZRDKW_render_front.png,1.0633896238675138,0.2
rand_GCE1NF3HHM_render_front.png,1.4500138061029046,0.2
rand_2UQETXGXYZ_render_front.png,1.5780837120367393,0.2
rand_CS9FSZS416_render_front.png,1.0,0.2
rand_F3HSBC5MGM_render_front.png,1.0412015329019497,0.48798637576457515
rand_0LIA8CT5QT_render_front.png,1.7587856111820455,0.2
rand_6YGLO1BHYF_render_front.png,1.0,0.5970202780982802
rand_NN50E7GNVI_render_front.png,1.0,0.1973378885396782
rand_KXGSZND2UT_render_front.png,1.223765213160303,0.2
rand_47RRUKY8WP_render_front.png,1.0,0.2
rand_BLWA9S33FD_render_front.png,1.0,0.39508890876995895
rand_5BJA8OGKMN_render_front.png,1.0,0.2
rand_R19OHQZ77W_render_front.png,1.0,0.2
rand_29EZKNAJZD_render_front.png,1.0,0.6621125883768207
rand_M4Z0YOEJ6V_render_front.png,1.4816005794644707,0.2
rand_1CFUGK0B0G_render_front.png,1.6982217552520957,0.1586494797794838
rand_C0SO3XD3HR_render_front.png,1.0,0.2
rand_TJBPZVY36S_render_front.png,1.0,0.2
rand_7GDKBHU7W4_render_front.png,1.0,0.2
rand_9QTLQOF119_render_front.png,1.0,0.8879091124208363
rand_NRKCZA37BC_render_front.png,1.0,0.2
rand_0DGH540E96_render_front.png,1.0,0.2
rand_0VA4SZVS1C_render_front.png,1.0,0.11319519380738756
rand_IKEGUFJC9L_render_front.png,1.0,0.8030998187507946
rand_9K4MVNMNN9_render_front.png,1.0,0.6177660867060527
rand_2V6PI0FOKB_render_front.png,1.0,0.36393211805467374
rand_SIRMJQ7VVE_render_front.png,1.0,0.2
rand_6DCUK1D2AA_render_front.png,1.0,0.2
rand_BNUYC8FDPX_render_front.png,1.0,0.7708065399719454
rand_KXELNEWE2J_render_front.png,1.0,0.42698931698061937
rand_XNKOCVJN2F_render_front.png,1.0,0.7355812596783344
rand_3NO2HOEP2T_render_front.png,1.0,0.2
rand_4H29SLGZ0Z_render_front.png,1.0,0.5331680990862445
rand_KU6CQGZYER_render_front.png,1.0,0.2
rand_4ZBU17U56F_render_front.png,1.5338905330684287,0.7291327345801578
rand_YS591GQ2ZX_render_front.png,1.0,0.2
rand_30AXIXV08B_render_front.png,1.0,0.34259153299011647
rand_NH971WYQT6_render_front.png,1.6007774519981433,0.2
rand_NDJ7C2FAOX_render_front.png,1.2043384279970342,0.2
rand_5RSD26FL6L_render_front.png,1.0,0.8965552130787258
rand_S27MFM9S2F_render_front.png,1.8148527251793685,0.2
rand_CPA96T8TZL_render_front.png,1.930817541355757,0.8222429576710404
rand_SKREYVAG4D_render_front.png,1.0,0.6592637725217614
rand_9CRUC9U7IO_render_front.png,1.0,0.8243670824707781
rand_DVP4I0ARW0_render_front.png,1.0,0.9856011285289684
rand_SHN98G56C5_render_front.png,1.899535932655653,0.2
rand_3R8JB1W3P1_render_front.png,1.0,0.7591885616179667
rand_KLNKIPETFQ_render_front.png,1.0,0.2
rand_4AM6TQUXDP_render_front.png,1.12558418393206,0.5304149900454307
rand_0JO2I2WROC_render_front.png,1.0,0.17592245992411368
rand_E5381IXR19_render_front.png,1.0,0.4377357871205134
rand_XS08SP065V_render_front.png,1.0,0.3866949286022576
rand_45H2XRPP5S_render_front.png,1.0,0.2
rand_E9FMKL3TYX_render_front.png,1.0,0.6907912280398085
rand_GREI068ZG8_render_front.png,1.0,0.367503722867501
rand_GLMHYPKZNS_render_front.png,1.0,0.2
rand_E0AU5NYYE5_render_front.png,1.0,0.2
rand_64YHOMW1ME_render_front.png,1.0,0.2
rand_RAZ3074LBG_render_front.png,1.0,0.2
rand_3YTFHQ9LFU_render_front.png,1.0,0.2
rand_E8PFU4F3YJ_render_front.png,1.4916181917939926,0.7572900241850381
rand_Z4GNAUV90M_render_front.png,1.0,0.2
rand_J97QA1K42F_render_front.png,1.0,0.6945636809795374
rand_QS85QZCPRC_render_front.png,1.0,0.2
rand_Z77YG8NM9B_render_front.png,1.274185060727421,0.2
rand_7FN9GKW8QO_render_front.png,1.0,0.601849029713261
rand_YNFUBTN2LK_render_front.png,1.0,0.7680807100000788
rand_AFPMY5YX1G_render_front.png,1.585571601350668,0.2
rand_8M04KRM76C_render_front.png,1.0,0.2
rand_VC2EV8OWKW_render_front.png,1.0,0.2
rand_1C45W2KBUZ_render_front.png,1.0,0.2
rand_PMBO8N0LC5_render_front.png,1.0,0.4308006272963516
rand_DSFACBRTWX_render_front.png,1.76693539616782,0.1413773856928167
rand_UM9RNX9YNT_render_front.png,1.2383210126414217,0.2
rand_MWBIJJVQ05_render_front.png,1.0,0.6529374780281412
rand_J0ZJU3CSET_render_front.png,1.0,0.2
rand_Q3BYV5XN2T_render_front.png,1.0,0.5699182807167184
rand_B72BFTUJJ4_render_front.png,1.0,0.48205156860024845
rand_662XCMYYPZ_render_front.png,1.0,0.2
rand_BJIQF8ZHDH_render_front.png,1.5601801413665095,0.2
rand_WU7ZQLQ6JT_render_front.png,1.0,0.5679224062497518
rand_7SU8KTXKEV_render_front.png,1.1245034932442675,0.2
rand_U8WJXSAIYC_render_front.png,1.0,0.8090780981210386
rand_VV2SACF4ON_render_front.png,1.0,0.2
rand_RJ2TSFV4HS_render_front.png,1.7368743471574977,0.5473745611896904
rand_B3LVICPNW3_render_front.png,1.0,0.2
rand_SZVOHAW324_render_front.png,1.6305154434322044,0.688933144164309
rand_ZGDR2UX3F2_render_front.png,1.0,0.9334939438449822
rand_YRQ7V1QAJA_render_front.png,1.0,0.47596833317548404
rand_C9W6ESTRNQ_render_front.png,1.5560771316997983,0.7671876041648479
rand_VHGQUHX9Z5_render_front.png,1.0,0.2
rand_EQ9RMROM4J_render_front.png,1.0,0.5940830953833821
rand_XFVDS46MEN_render_front.png,1.0,0.2
rand_8GZRWADBZY_render_front.png,1.328755153677235,0.5251159947649323
rand_R7AFXOAB0E_render_front.png,1.0,0.2
rand_1H4FZDX1GV_render_front.png,1.0,0.2
rand_4RCQXGOIF9_render_front.png,1.6832012385548185,0.5956931460577843
rand_0YROZT130H_render_front.png,1.0245828554991783,0.23302277394938614
rand_QEBDIZ58GO_render_front.png,1.0,0.3459712439668369
rand_CX5AXIQHNI_render_front.png,1.0,0.2
rand_51WTO61XKV_render_front.png,1.7624955140745924,0.2
rand_JIT6TDX7XB_render_front.png,1.0,0.2
rand_HVSPSF1OEI_render_front.png,1.0,0.4416497488053285
rand_BWS7OU8EU2_render_front.png,1.0,0.2
rand_4IPL5PFBM7_render_front.png,1.0,0.2
rand_F234OK9CDN_render_front.png,1.4467624530314263,0.2
rand_RH32N4Y406_render_front.png,1.112302441492933,0.36213851629074056
rand_XTCK98FZPJ_render_front.png,1.0,0.2
rand_C3KW455IDK_render_front.png,1.0,0.444683048894441
rand_4CZ61SD6AE_render_front.png,1.2723177048459458,0.2
rand_WW307JHB02_render_front.png,1.524224202994211,0.2
rand_07XRPZ49VR_render_front.png,1.0,0.6960277838310875
rand_7H3QYO8I3D_render_front.png,1.0,0.29050619815034695
rand_2R2FIAM9KA_render_front.png,1.0,0.8075674102430821
rand_NRPWN8ZMTM_render_front.png,1.0,0.6047033416952189
rand_NXEYCPAL6L_render_front.png,1.0,0.27313952728595525
rand_9ZO8D989XF_render_front.png,1.0,0.2
rand_7E0577ELSM_render_front.png,1.0,0.46574490423507076
rand_TR0T9TKMJQ_render_front.png,1.0,0.9808878434464606
rand_IRDXZ0QF7U_render_front.png,1.0,0.2
rand_KW83H9ZGDN_render_front.png,1.0,0.2
rand_CTRW3KILCI_render_front.png,1.0,0.2
rand_ATSP8XI1DO_render_front.png,1.0,0.6167008298696935
rand_5W8D2GOBW3_render_front.png,1.0,0.2
rand_N7G4ECZJ7Y_render_front.png,1.0691275063318884,0.2
rand_MFPEKWP5I5_render_front.png,1.0,0.2
rand_CMHIQ72AXJ_render_front.png,1.0,0.21713286298071716
rand_W2RJN3LLVW_render_front.png,1.0,0.2
rand_US3IHQPPZM_render_front.png,1.0,0.5397958456324327
rand_JZF1NUJLSW_render_front.png,1.0,0.2
rand_1DK7P8PVXM_render_front.png,1.9402532665316075,0.32581681324810563
rand_93OEEYP09C_render_front.png,1.9280026459052402,0.6688865577757529
rand_JRB0G1NH5C_render_front.png,1.0,0.3538963333520191
rand_G5US9OA286_render_front.png,1.717908667045446,0.5909187121980473
rand_07LSZ9ASL3_render_front.png,1.0,0.70415207149036
rand_NDGABNK1HE_render_front.png,1.0,0.2
rand_M1J4JIJ017_render_front.png,1.0,0.2
rand_M6KITVXQC4_render_front.png,1.0,0.2
rand_AE7KL02HPP_render_front.png,1.0,0.2
rand_D96LKRZ5AX_render_front.png,1.0,0.7487899064863737
rand_JELO8QKQ62_render_front.png,1.0,0.2
rand_ILP01O238H_render_front.png,1.4790125382686115,0.2
rand_Z5ZLMMTEJA_render_front.png,1.0099415819270643,0.9326246097795154
rand_97J3ZJ3Q9C_render_front.png,1.0,0.848137019912186
rand_CNRMO549GC_render_front.png,1.0,0.2
rand_72NUHHXO3T_render_front.png,1.0,0.9994800315579387
rand_VIRY4PWEHA_render_front.png,1.0,0.18297817974911496
rand_CV9ACSA4G5_render_front.png,1.6649094890118736,0.2
rand_G1F4MUBHRE_render_front.png,1.0,0.9673574140769702
rand_MFCL8S8C17_render_front.png,1.0,0.725351479746018
rand_SUL9CEVVJM_render_front.png,1.0,0.7318638340236199
rand_0C4I1ENEGQ_render_front.png,1.9502433473647247,0.2
rand_2N12212IZW_render_front.png,1.0,0.2720305607506615
rand_GAXBD67EZB_render_front.png,1.0,0.2
rand_0WZDTSY8BE_render_front.png,1.554324987054465,0.47456541178440537
rand_DLPFZ2AJ9S_render_front.png,1.0,0.3945003393148163
rand_Z3OUR6OU3U_render_front.png,1.969433127976321,0.16270921747134798
rand_LZ4FDFBTRN_render_front.png,1.0,0.2
rand_D5E8OMQ9XA_render_front.png,1.0,0.34802873061050776
rand_STSJSGLY8N_render_front.png,1.1932208690722337,0.2
rand_Y8XCO78HNG_render_front.png,1.0,0.2
rand_2J9KEEMC5R_render_front.png,1.0,0.2
rand_THHG5PT1YF_render_front.png,1.044573923468214,0.6142103518200195
rand_LRSAR4070I_render_front.png,1.0,0.5032996571854521
rand_8Q72FAQVM6_render_front.png,1.0,0.23607620881400318
rand_19V3TE2OTT_render_front.png,1.0,0.2
rand_LS6ILHGU43_render_front.png,1.0,0.2
rand_0UAQ4EFU48_render_front.png,1.0,0.2
rand_W9MIKQJU2P_render_front.png,1.716652248412479,0.2
rand_BDVMG11VI0_render_front.png,1.2159870649754252,0.7946247336315946
rand_ZZY8HMF8NC_render_front.png,1.0,0.9881542554152393
rand_0TLHSUGZMH_render_front.png,1.0,0.2
rand_BIWAIVFQCZ_render_front.png,1.3389934283808118,0.2
rand_7E15O3SB5F_render_front.png,1.0,0.16064258453325192
rand_RA9A5S1WGU_render_front.png,1.0,0.2
rand_I98Z8M7QJ4_render_front.png,1.0,0.5750699784448744
rand_HIBX3OI8BH_render_front.png,1.0,0.12119060430217374
rand_T5VM4IBI2M_render_front.png,1.0,0.6348677070474134
rand_C0Z8NW0629_render_front.png,1.0,0.453393554478694
rand_RX1JUSGVSM_render_front.png,1.0,0.29613373441370183
rand_UYB6F8VFYE_render_front.png,1.3564147633806214,0.2
rand_C32MG9JOI8_render_front.png,1.0,0.5175353600362037
rand_HWCP8F8GPB_render_front.png,1.0,0.2
rand_JWP9DEPCEX_render_front.png,1.0,0.2
rand_GKO6AQ63XN_render_front.png,1.0,0.8577339577975879
rand_5Q24JVIYFD_render_front.png,1.1743129773203929,0.7020435940168469
rand_20UC4LE2AX_render_front.png,1.8143826154914642,0.8737742036334541
rand_D9G8WV021B_render_front.png,1.0,0.2
rand_WSGWBZSCPL_render_front.png,1.0,0.2
rand_YLMYFQVOLH_render_front.png,1.0,0.2
rand_TQKR1C74JM_render_front.png,1.0,0.6031207206163204
rand_85TVJLMFGP_render_front.png,1.008132853424016,0.2
rand_SEBW7WZV0F_render_front.png,1.0,0.2
rand_RQ67PXQVR2_render_front.png,1.3706846587446813,0.2
rand_DGF0JIBANG_render_front.png,1.6087955614091043,0.2
rand_4JWGB0GOEW_render_front.png,1.0,0.2
rand_3KT4Q4TMFH_render_front.png,1.0,0.2
rand_SBZEOWU262_render_front.png,1.0,0.2
rand_I2F8JX7IP5_render_front.png,1.0,0.2
rand_PPX61HABMD_render_front.png,1.0,0.2
rand_XND2OHFQVK_render_front.png,1.0,0.8769664854695671
rand_34PN3WYU4G_render_front.png,1.9852883199915656,0.2
rand_KEJUMAMSBX_render_front.png,1.0,0.2
rand_R7PP830DYB_render_front.png,1.0,0.5854707772641728
rand_NG2JRR5PNQ_render_front.png,1.0,0.34023774132846274
rand_72PKKZ7KQO_render_front.png,1.0,0.10942524822929642
rand_OIXFIIRJLF_render_front.png,1.0423275908467282,0.2
rand_5LUXAE7G4C_render_front.png,1.8014488580965868,0.2
rand_EQOWRK3EAJ_render_front.png,1.0,0.2
rand_TRCKGCRVZU_render_front.png,1.0,0.7128602023385922
rand_5QJXNHYMAH_render_front.png,1.0,0.8103533911656102
rand_PXWDW17OSN_render_front.png,1.0,0.9972468204646983
rand_QIN6T48D32_render_front.png,1.9606075724057748,0.2
rand_MB5JOZLU2X_render_front.png,1.0,0.2
rand_I5SYVYDBZP_render_front.png,1.0,0.2
rand_10XSDFMD58_render_front.png,1.0,0.21123908487302284
rand_QTWK8MTREQ_render_front.png,1.0,0.8846111760321006
rand_921EAEVOC8_render_front.png,1.013001284984592,0.43119658327331867
rand_GAAV6KY7LF_render_front.png,1.0,0.11428637329977226
rand_C70F60DXPM_render_front.png,1.0,0.6359931993411296
rand_JORM7GQ6WK_render_front.png,1.0,0.5370291194340693
rand_SMTPOHZ70Z_render_front.png,1.0,0.2
rand_6JYNJXWNIU_render_front.png,1.0,0.2
rand_JB0REFB0DE_render_front.png,1.6433040203556262,0.2
rand_0RVA0ARGLW_render_front.png,1.0,0.7326036134741788
rand_1Q0BXPCP7B_render_front.png,1.0,0.2
rand_1X5ZRKGBJ9_render_front.png,1.9945265432497712,0.2
rand_O9FI1BXE6E_render_front.png,1.0,0.2
rand_CD9BREOXBU_render_front.png,1.0,0.2
rand_ZBFDITMDQ3_render_front.png,1.0,0.2
rand_74S737VXV3_render_front.png,1.0,0.9253763964638112
rand_2E8HY3OO0H_render_front.png,1.0,0.2
rand_XWNY84OU1V_render_front.png,1.0,0.2
rand_VFADJN6Y4U_render_front.png,1.6493067090818259,0.2
rand_G2D2GZKI1I_render_front.png,1.0,0.30822993798066123
rand_UZRF91OZOI_render_front.png,1.0,0.9364357445569139
rand_P5WH076O8V_render_front.png,1.0,0.2
rand_W3LYFDFJ89_render_front.png,1.0,0.5191480974271659
rand_WDI9CL3VNE_render_front.png,1.0,0.2
rand_1328ERLDIC_render_front.png,1.0,0.40304884690947673
rand_AP1D1NWIFZ_render_front.png,1.0,0.2069674380213537
rand_5UVLXM048D_render_front.png,1.3448587672087347,0.2
rand_MHT8CYTJUP_render_front.png,1.1471172211537781,0.15504370571296305
rand_0R3KEWI7YP_render_front.png,1.5613382129020283,0.44377702241717154
rand_89BU5D7HT9_render_front.png,1.7421217719621365,0.21015589892849806
rand_S8IZ45MX62_render_front.png,1.3489831777015837,0.2
rand_IDD7K0HAWG_render_front.png,1.1042467390136887,0.3771557577056901
rand_HVUXN4N586_render_front.png,1.0,0.2848324238568122
rand_RZ7CSH4BP7_render_front.png,1.0,0.4449038068846497
rand_A51QG3ME3O_render_front.png,1.0,0.8492809914178061
rand_RZJ3NNMCA8_render_front.png,1.0,0.6997348634775229
rand_K85JHWIV6Z_render_front.png,1.0,0.2
rand_OG5GQDDS6B_render_front.png,1.6379475972317654,0.8751625717418234
rand_63ZNGGQ76X_render_front.png,1.0,0.7914961728536175
rand_T517OXP4NS_render_front.png,1.0,0.2
rand_RS95QBNS71_render_front.png,1.0,0.2
rand_YFITIJA013_render_front.png,1.5438895939599653,0.2
rand_OWKI3EQAV6_render_front.png,1.710347959208316,0.6322402942009185
rand_RO08L61XX6_render_front.png,1.8150476961029667,0.2
rand_TXMGXUVKZ8_render_front.png,1.0,0.2
rand_17OFXQ6IZF_render_front.png,1.0667848925260968,0.8028342928402783
rand_FICMA8RWK5_render_front.png,1.0,0.20098955886658315
rand_TQ2VGNZZVW_render_front.png,1.0,0.5819731129042532
rand_IZG55PEF29_render_front.png,1.0,0.2
rand_2EC2BSFPMT_render_front.png,1.0,0.2
rand_DT7EOKNQOP_render_front.png,1.3673972617101717,0.902251126275316
rand_PGY6QUUHWA_render_front.png,1.8483217608422073,0.2
rand_UJLOFJK1W6_render_front.png,1.0,0.7845394452821555
rand_QQ0A0UUPSD_render_front.png,1.0,0.2
rand_51LYDA80CJ_render_front.png,1.0,0.4666682798207371
rand_5FGHQVYZPU_render_front.png,1.0,0.10928635274391296
rand_Y1MB8JEQHZ_render_front.png,1.0,0.4103247587246235
rand_4V4JEZCR4J_render_front.png,1.0,0.13281138122294894
rand_CY67E40N5L_render_front.png,1.0,0.8877962826053238
rand_03EQU44RFB_render_front.png,1.2798711331390076,0.1707541674838267
rand_YSVNLC3H52_render_front.png,1.0,0.2
rand_0DI5LMM8WZ_render_front.png,1.0,0.2
rand_WPKYUODVFP_render_front.png,1.0,0.2
rand_Q4QYZ7LLSY_render_front.png,1.0,0.2
rand_WM47E2X3VT_render_front.png,1.0894643627585316,0.26014477468309577
rand_BGRZ9DRMXX_render_front.png,1.4968586335848713,0.2
rand_JH3DO9CLFZ_render_front.png,1.0,0.2
rand_L3K62Y2UI6_render_front.png,1.0,0.7503271564468377
rand_3ZECUVVJVR_render_front.png,1.0,0.2
rand_TN1PDCXQO3_render_front.png,1.0,0.2
rand_SPH85AKNMR_render_front.png,1.589439827927592,0.42908421354045945
rand_60VYUXY2L6_render_front.png,1.0,0.2
rand_3KSJEODMAJ_render_front.png,1.0,0.2
rand_87DZXC0RPK_render_front.png,1.013447202044453,0.8938918052209107
rand_8TL4C2FDT9_render_front.png,1.0,0.7570351579174012
rand_BHGLSSZR9M_render_front.png,1.0,0.7955416722626244
rand_X7V021FE83_render_front.png,1.0,0.3724604171632673
rand_0WUYGUEFIB_render_front.png,1.1381589445477318,0.2
rand_0LQ33XZVP8_render_front.png,1.3018176153938403,0.22191498121880873
rand_K3TALRNYNX_render_front.png,1.0,0.3240586837150563
rand_BO3RYHO5TL_render_front.png,1.0,0.23555181807483253
rand_2X54AJDWLR_render_front.png,1.0,0.8752303814680369
rand_UPZRJR9IAP_render_front.png,1.185760116870541,0.2
rand_BCI7Y65BH0_render_front.png,1.0,0.2
rand_YW0OC1B7R3_render_front.png,1.0,0.20543317699025113
rand_BGAYEKMAZ0_render_front.png,1.6378408522790657,0.18525009240951507
rand_1UUYHHN5U4_render_front.png,1.2118498984967387,0.2
rand_4J7HKDTEJN_render_front.png,1.0,0.15285624841983467
rand_0B1T21D8NX_render_front.png,1.0,0.2
rand_AHPOOVMJS8_render_front.png,1.0,0.2
rand_BCTM2FLADL_render_front.png,1.0,0.7633242497991656
rand_GZH8PCH6XU_render_front.png,1.5987299515416407,0.2
rand_PHC6QWDX16_render_front.png,1.0,0.2
rand_05H6WP8PJX_render_front.png,1.2559015782044256,0.2
rand_W7VHXYDFPT_render_front.png,1.0,0.2
rand_DWD3D0H45U_render_front.png,1.8719659181554915,0.2
rand_OAGY32FCAK_render_front.png,1.2833793114330851,0.2
rand_70M0P3RB7I_render_front.png,1.0,0.2
rand_3T2IO849QH_render_front.png,1.1309976849016352,0.327323524087566
rand_LACQ6B3FHS_render_front.png,1.0,0.2
rand_FD4P7FXFTS_render_front.png,1.0,0.2
rand_QWFY8WQ25A_render_front.png,1.0,0.798524228822898
rand_ZBBSE9XD0D_render_front.png,1.0,0.2
rand_VLPOP3U80W_render_front.png,1.0,0.78068886484954
rand_XKWOLUKU3C_render_front.png,1.0,0.2
rand_HX2T6UMMBL_render_front.png,1.0,0.2
rand_S7W4G8J18X_render_front.png,1.0,0.2
rand_IAJCDXOUOH_render_front.png,1.2867379435224406,0.2
rand_LR1FOY32WZ_render_front.png,1.0,0.6987026948066298
rand_A64SAETF6G_render_front.png,1.4678058804818848,0.2
rand_9IOH5E43L5_render_front.png,1.0,0.9038948820269338
rand_Y0OL7QOJX8_render_front.png,1.000277196437545,0.2
rand_JZ1ANKGL0C_render_front.png,1.0,0.2
rand_8J2FANKZH5_render_front.png,1.0,0.2
rand_K3NM6YIALW_render_front.png,1.0,0.5623812562916887
rand_RNH0PRUZNE_render_front.png,1.0,0.5243720447460578
rand_80WLCY6UC1_render_front.png,1.0,0.2
rand_RTIQNQ91N0_render_front.png,1.0,0.36551381864634325
rand_I48WTLKBI4_render_front.png,1.0,0.2
rand_TP48HNAMJ2_render_front.png,1.0,0.2
rand_RYYOALW9XZ_render_front.png,1.6334518266842695,0.2
rand_F0EEVPENK4_render_front.png,1.0,0.2
rand_UMY5K78PBX_render_front.png,1.0,0.2
rand_5SCX792FAB_render_front.png,1.0007605638248818,0.2009793407040047
rand_MO2EDXRYJ7_render_front.png,1.7726516131119365,0.2
rand_A407QTE7IL_render_front.png,1.0,0.2
rand_L9H8ZSEFKJ_render_front.png,1.0,0.2
rand_NBLNY7BYIH_render_front.png,1.0,0.2
rand_AB27PZMGD8_render_front.png,1.0,0.48366239988530146
rand_G2G138S98F_render_front.png,1.0,0.2
rand_2DM6VZ6T6I_render_front.png,1.0602433410910974,0.2
rand_ODIUD0YSE5_render_front.png,1.0,0.889955630153845
rand_XG9DK763MO_render_front.png,1.0,0.5281040903528498
rand_JC6VBNVXRP_render_front.png,1.0,0.34246904374476306
rand_HD15BLII8V_render_front.png,1.0,0.2
rand_LBWK2RT328_render_front.png,1.0,0.2
rand_HKOAYO4NY4_render_front.png,1.0,0.2
rand_USVJTXPW4A_render_front.png,1.48653789014468,0.2
rand_EOXBWV0IM7_render_front.png,1.0,0.8309373685580774
rand_6A6NZ7VDV5_render_front.png,1.3304212719972472,0.8080535637847865
rand_N4K1EYAB8V_render_front.png,1.0,0.2
rand_J9950V4I15_render_front.png,1.0,0.12041162970768653
rand_B6ZO8UTRXX_render_front.png,1.0,0.3569284798957385
rand_3V8VJJ5GXL_render_front.png,1.0,0.2
rand_9BSWTO4AQE_render_front.png,1.0,0.26936327969028084
rand_IFFIDCJVYE_render_front.png,1.0,0.9363544771486103
rand_VIHL1BT7PS_render_front.png,1.0,0.2
rand_6DK2DL62ET_render_front.png,1.0,0.2
rand_MLZ7KYIY91_render_front.png,1.0,0.2
rand_KL4A28KEMH_render_front.png,1.0,0.2
rand_SJGJP2EGEH_render_front.png,1.0,0.2
rand_PJGA3QUN56_render_front.png,1.0,0.2217412849783602
rand_FVG3YR27CA_render_front.png,1.8689948394391007,0.5071016310749927
rand_GICUWZFB4X_render_front.png,1.1727521341062146,0.42565375808252115
rand_G6SSN6V8LN_render_front.png,1.0,0.2
rand_J4RQUJACEZ_render_front.png,1.0,0.2
rand_1TF1L7S7X0_render_front.png,1.5446428104162715,0.2
rand_7UFP0P64UZ_render_front.png,1.0,0.38821796459529834
rand_3GHUL45Y8O_render_front.png,1.0,0.9508482978066776
rand_VSNNHFQEVH_render_front.png,1.0,0.21655875756294748
rand_R5YK7L9ZY1_render_front.png,1.0,0.2
rand_4YUSBEKIEW_render_front.png,1.0,0.9637727170041929
rand_O8BTQLTKR8_render_front.png,1.3310563519309198,0.2
rand_QG2ARIBYVB_render_front.png,1.5989535754810071,0.2846980911431431
rand_ZMBKB5WTDB_render_front.png,1.0,0.2
rand_Q6RNALOUVZ_render_front.png,1.0,0.2
rand_DL7KJ7ETGV_render_front.png,1.0,0.2
rand_TIQFZSM9CC_render_front.png,1.0,0.2
rand_XXRSU3D2KT_render_front.png,1.88644055984309,0.2
rand_AQBX6H4D97_render_front.png,1.0,0.6494850199288472
rand_4GAT9MN762_render_front.png,1.0,0.2517208941614737
rand_J3UN8E8Z0X_render_front.png,1.7305525943537685,0.2
rand_3MX8P0MTR6_render_front.png,1.0,0.5207210027870129
rand_KVJNWPJ7Z4_render_front.png,1.0,0.2966568294182098
rand_7A0A1SPI8N_render_front.png,1.0,0.2
rand_0FRNVLDXLN_render_front.png,1.0,0.6418663666633468
rand_TTPCD4CSZN_render_front.png,1.747845863853101,0.2
rand_2OPP4EQLWG_render_front.png,1.916353294083021,0.2
rand_QRB4W9YYSM_render_front.png,1.0,0.2
rand_IG3A7HXB96_render_front.png,1.0,0.2
rand_VC7DYWFD2J_render_front.png,1.0339649232463826,0.2
rand_7S4K67RQ8D_render_front.png,1.0,0.8089814015952759
rand_3LBFUDUO14_render_front.png,1.0,0.2697510989716226
rand_TWX7ASV6FJ_render_front.png,1.0,0.3622578162271981
rand_IKFSDGH087_render_front.png,1.0,0.2
rand_4XCU32VYML_render_front.png,1.0,0.15243302941005138
rand_C3J6DT9VQ3_render_front.png,1.0,0.2
rand_T10L5YH84F_render_front.png,1.9236446115479313,0.2
rand_FORONJN67Z_render_front.png,1.0,0.31662429779334267
rand_73QYHJJHM2_render_front.png,1.0,0.2
rand_61KRISBRVQ_render_front.png,1.0,0.6277141422110033
rand_XDX2N1D6CI_render_front.png,1.5444510760682486,0.2
rand_PQKLGGNM8A_render_front.png,1.0150284883345873,0.2
rand_R0VM0ZOVG9_render_front.png,1.0,0.2
rand_QMBQ3N8TOB_render_front.png,1.0,0.2
rand_NUH85PAIX7_render_front.png,1.0,0.8693564399133933
rand_FD021VRQRS_render_front.png,1.2164680138508859,0.4802188481161599
rand_90GH84B1UQ_render_front.png,1.0,0.2
rand_XYD2ZG5PWZ_render_front.png,1.0,0.2910196885768328
rand_0FU48H5R3N_render_front.png,1.0,0.9352660784431952
rand_IYIDCEMDEN_render_front.png,1.0,0.6555135541861046
rand_JN1FUPQMXJ_render_front.png,1.0,0.2
rand_WAA4ASTOC2_render_front.png,1.0,0.4541043962351926
rand_TC331523MU_render_front.png,1.612441452775482,0.2
rand_VSVNPDZU48_render_front.png,1.5521963237381207,0.2
rand_24C0WR5YIG_render_front.png,1.0,0.2
rand_3R1WNNCX6K_render_front.png,1.4643293669907806,0.8231231776885368
rand_AB5C9KLAQ6_render_front.png,1.357956989597976,0.2
rand_WTJNK6HQL2_render_front.png,1.0,0.7210196205247766
rand_U9VRWX4ZAW_render_front.png,1.89909595290964,0.2
rand_GMSLZXQMDK_render_front.png,1.0,0.2
rand_GUGYBC94E0_render_front.png,1.0,0.4803072306329986
rand_6A3P0TIRME_render_front.png,1.3499946624988537,0.2
rand_7USD8IOR7Z_render_front.png,1.0,0.2406236749071229
rand_VL91QN3CAN_render_front.png,1.8576553975594159,0.2
rand_8WDOLHY1YM_render_front.png,1.0,0.501361968543684
rand_B5D6100EBJ_render_front.png,1.0,0.2
rand_YNJ3C36NI8_render_front.png,1.7586566324106312,0.957625786261731
rand_OYCUOVD1BO_render_front.png,1.8614537227957961,0.7036894390860741
rand_8SWG3RNIQZ_render_front.png,1.0,0.7742663178604887
rand_H41DRSYOS7_render_front.png,1.0,0.2
rand_ZYX5T6DIWW_render_front.png,1.0,0.2
rand_KGILMXZO62_render_front.png,1.0,0.2
rand_8IU4GSQSBF_render_front.png,1.0,0.2
rand_ZOWCGZ9ZPK_render_front.png,1.0,0.2
rand_VAFBIFHFGD_render_front.png,1.060363700155039,0.2
rand_I4GLS2H9P2_render_front.png,1.0,0.2
rand_D3ET1FLFXS_render_front.png,1.0,0.2
rand_CRH2YKQWG4_render_front.png,1.0,0.2
rand_2CCCFHC6CM_render_front.png,1.0,0.2
rand_5X6X8RTZJK_render_front.png,1.0,0.8449031197109241
rand_U21EUV998O_render_front.png,1.6328478660907755,0.6475890758471269
rand_BJ03KNWRBQ_render_front.png,1.0,0.7508032192595467
rand_3CWAI3O3ZZ_render_front.png,1.0,0.20730920525375934
rand_GD1NH8M8LP_render_front.png,1.4109261692488886,0.2
rand_E4NVZYA6FH_render_front.png,1.0,0.5283268846972778
rand_DCCEXATI2I_render_front.png,1.0,0.2
rand_GEX2ZTL3T9_render_front.png,1.3358091291958951,0.538443206703801
rand_0Q1ZZAS60M_render_front.png,1.8035815493948686,0.2
rand_AZHWS951Q0_render_front.png,1.0,0.2
rand_QIO77YBF7H_render_front.png,1.0,0.2
rand_AJUHXZ7F9N_render_front.png,1.0,0.7695622111597729
rand_W9TX80OSIF_render_front.png,1.0,0.3691380177330902
rand_4FXF7QRLDX_render_front.png,1.0,0.2
rand_0YN1FIW5GU_render_front.png,1.0,0.2
rand_MKVKS9Q4IU_render_front.png,1.0,0.7981640037423099
rand_3IE1SL43UW_render_front.png,1.0,0.2
rand_F7KK2KFKPK_render_front.png,1.0,0.2
rand_WZJ6AQW28C_render_front.png,1.0,0.2
rand_H18UBG0939_render_front.png,1.387102052663049,0.2
rand_IXASXE3XCX_render_front.png,1.0,0.776629031753893
rand_Y7141OZK98_render_front.png,1.961570264794306,0.2
rand_L4IF5SRSXX_render_front.png,1.561524560241348,0.3207128195893175
rand_1FW5IXBE6J_render_front.png,1.0,0.2
rand_V0NOGU139M_render_front.png,1.2098169553488916,0.2
rand_0AAY3NQH8J_render_front.png,1.0,0.2
rand_8Q5G2N95KP_render_front.png,1.0,0.2
rand_SN0HL9G8C8_render_front.png,1.0,0.2
rand_TW54V8RPGO_render_front.png,1.0,0.2
rand_401VZK3IHN_render_front.png,1.85879430329932,0.2
rand_TZ42L4ZGG0_render_front.png,1.3678382406759282,0.7871681138501281
rand_TP509NDQAM_render_front.png,1.0,0.6277851093971014
rand_UAJEC6B3GM_render_front.png,1.0,0.508505576356827
rand_422ZHLMV9X_render_front.png,1.0,0.2
rand_IA98YBBSJL_render_front.png,1.0,0.24799410453381404
rand_GHGGX2L06M_render_front.png,1.0,0.2
rand_FP6IAUGHX3_render_front.png,1.0,0.5926636503734356
rand_4KYFCF656T_render_front.png,1.0,0.2
rand_DGFBVE53HA_render_front.png,1.3547043634971399,0.2
rand_5UTI4KFRVK_render_front.png,1.0,0.2
rand_BURY74T7EG_render_front.png,1.0,0.4421174971485906
rand_3ZCIR6ILWW_render_front.png,1.1799613055958678,0.13193864308087228
rand_ZJ2JPD63QU_render_front.png,1.0,0.2
rand_E39IL3GKSD_render_front.png,1.0,0.8002757176594222
rand_7JW3QMSKDB_render_front.png,1.0,0.19095005290381134
rand_HW663QK0YL_render_front.png,1.0,0.2531761133638455
rand_Z7HMB363IC_render_front.png,1.2158409030124286,0.2
rand_CP3E1EVX80_render_front.png,1.0,0.2
rand_6QSDWGCIZC_render_front.png,1.6119679949104446,0.8341048880933768
rand_NYVLPUH0D1_render_front.png,1.0,0.5891128614828356
rand_XUK4AUN2VI_render_front.png,1.4046607152142343,0.6248899138124612
rand_BMMOAPAUEN_render_front.png,1.0,0.7376927448366615
rand_P15SZ7TIM0_render_front.png,1.0,0.2
rand_6130G2A3QF_render_front.png,1.0,0.2
rand_GDSL0T2GOB_render_front.png,1.0,0.6650276525863318
rand_7ST06O54OC_render_front.png,1.0,0.7701009224599041
rand_HEBE83UV3S_render_front.png,1.0,0.9754719171779075
rand_6BTHRRKREG_render_front.png,1.0,0.3920049184793689
rand_ZUH7B4R3TK_render_front.png,1.3585346363132547,0.2
rand_7W4YTLE7IM_render_front.png,1.0,0.45813228162341335
rand_19JCDVRTTX_render_front.png,1.0,0.2
rand_86FVEW6IHM_render_front.png,1.0,0.2
rand_UJYYSPSCTW_render_front.png,1.0,0.6709880302847483
rand_L9090NLV3H_render_front.png,1.5223506756071599,0.39411834579893545
rand_N8RCPJOVZ2_render_front.png,1.9445502136171622,0.2
rand_PJK0EWDO1A_render_front.png,1.3723277192711572,0.4658212323628761
rand_KXXNP54I2L_render_front.png,1.8656314227332027,0.2
rand_AI8KXDS7ZK_render_front.png,1.0,0.6477189324621643
rand_LTYJM5F8Y6_render_front.png,1.0,0.2975282234975189
rand_JW4807U42U_render_front.png,1.0,0.2
rand_PHGENJFDRG_render_front.png,1.0,0.8749342934245269
rand_20YLSURI6L_render_front.png,1.0,0.23672058178468175
rand_2OT2X0E1RR_render_front.png,1.0,0.2
rand_3VVEOIHDZD_render_front.png,1.0,0.23028462973579142
rand_FDBA3X0F5U_render_front.png,1.0,0.2
rand_CL7D22CZ0G_render_front.png,1.0,0.7155548879758646
rand_F6EALBWXTT_render_front.png,1.0,0.2
rand_A0RT126EGJ_render_front.png,1.0,0.2
rand_S3YI0IC14X_render_front.png,1.0,0.2
rand_G8B04S4ZPZ_render_front.png,1.0,0.4576134786510797
rand_YQEZ3UNYJC_render_front.png,1.0,0.2
rand_G3QOOIFO6B_render_front.png,1.0,0.45890508075530145
rand_403L3EDLPI_render_front.png,1.1492692906634074,0.39422839900870443
rand_2Y5K74W50F_render_front.png,1.0,0.23008233462979905
rand_HM54VGNHWN_render_front.png,1.6902379012684152,0.2
rand_K9JF7BBHRV_render_front.png,1.0,0.2
rand_JEV1XGUA9Z_render_front.png,1.7806124765585865,0.2
rand_C9P0C9TG7W_render_front.png,1.7571701563463433,0.2
rand_3WE35GMQ8C_render_front.png,1.4321342464815563,0.2
rand_84S0X0BUH1_render_front.png,1.6852247039029193,0.25496951433476644
rand_QEXJI2LPD2_render_front.png,1.0,0.2
rand_QCGA98KNBR_render_front.png,1.6500617691533133,0.2
rand_O9TNL19U84_render_front.png,1.0,0.2
rand_GYVDQ9Q3WN_render_front.png,1.0,0.9588150327192945
rand_QVCYLR0OIL_render_front.png,1.572362369869511,0.2
rand_IYHQZUP5DB_render_front.png,1.7651053927764535,0.2
rand_VE77SX98EG_render_front.png,1.0,0.8595095524413371
rand_3PIV6QX2K8_render_front.png,1.0,0.7073496532298963
rand_Y9TCBGSP2K_render_front.png,1.0,0.2
rand_AMNKGDMK91_render_front.png,1.0,0.3924303168147236
rand_902U5GMH91_render_front.png,1.0,0.2
rand_6ZKH5D0WA4_render_front.png,1.3165101292392856,0.5992820920690684
rand_OV207TG5TG_render_front.png,1.0,0.8928369833070643
rand_HW93XZY9D4_render_front.png,1.0,0.6193823599015247
rand_4VVG1KAW6V_render_front.png,1.0,0.2
rand_8IEIMCYLEE_render_front.png,1.0,0.6213453739181689
rand_TO41L69M7H_render_front.png,1.0,0.3409092372645277
rand_2IOVWQGJNP_render_front.png,1.0,0.3961172526758001
rand_5ZE7JGRD4Y_render_front.png,1.0,0.2
rand_3W3DXKRE0V_render_front.png,1.0,0.6122085219474117
rand_WWG6LLXRA6_render_front.png,1.0,0.5897931592599631
rand_CQ5BSVODE5_render_front.png,1.061505623762601,0.2
rand_BSQOPRX4KK_render_front.png,1.0,0.5497495000839565
rand_OOU0PY537C_render_front.png,1.0,0.6080236146707656
rand_WTZ3MEKIY7_render_front.png,1.0,0.2
rand_NB33U5LRDB_render_front.png,1.4314661594401712,0.2
rand_IEMKDYD8CR_render_front.png,1.0,0.2
rand_69LB9LNXAJ_render_front.png,1.2918401521635843,0.5855188332982239
rand_7DIJPRMP68_render_front.png,1.0,0.2
rand_S70N0AXSLK_render_front.png,1.0,0.2
rand_N5DFXHKBDL_render_front.png,1.4952374507090123,0.4140839678266084
rand_X98DT5ESV6_render_front.png,1.0,0.6896707044850293
rand_6ASN15QTDF_render_front.png,1.0,0.823566458192444
rand_47HE31BIWB_render_front.png,1.0,0.6090591598612977
rand_QP4Q8F6NNW_render_front.png,1.0,0.3339336293405545
rand_TTYUYYPK5S_render_front.png,1.0,0.7294508168825181
rand_1M0KW74XQN_render_front.png,1.0,0.2
rand_9ALZV7HLNF_render_front.png,1.0,0.2
rand_JDJHHL14PJ_render_front.png,1.0,0.17057004640513523
rand_WEP6FSE6HZ_render_front.png,1.0,0.9277883439680275
rand_2SKQXSTILZ_render_front.png,1.0,0.9993711041690605
rand_EWXJOLYIJC_render_front.png,1.0,0.5652141661551143
rand_AGJAABUCUK_render_front.png,1.0,0.2
rand_ZBEC2OCCVI_render_front.png,1.5641627516840233,0.6002492781603177
rand_H6P419XACO_render_front.png,1.0,0.4613578626452779
rand_GQTIKUMV3B_render_front.png,1.6617131195752752,0.5142516012177136
rand_3F83YWFDRI_render_front.png,1.8173640670656175,0.7807163799185988
rand_TNYEKW2YA5_render_front.png,1.0,0.4350507225526806
rand_ADC9SBFTHA_render_front.png,1.0,0.2
rand_VXCJMUSYCN_render_front.png,1.462242455857018,0.2
rand_RDUKXJG5DC_render_front.png,1.0367735091940198,0.2
rand_L7I93QDK5P_render_front.png,1.0,0.9209927874717827
rand_XCGF6U2EXL_render_front.png,1.0,0.2
rand_7ZUMM30J5I_render_front.png,1.0,0.623738685270584
rand_J13NZS2B2X_render_front.png,1.0,0.2506916783369616
rand_L5DKYS1JLP_render_front.png,1.0,0.2
rand_9XBR2LLQ2S_render_front.png,1.0,0.5422255087473326
rand_RXJUFWCUDA_render_front.png,1.0,0.2
rand_EFZRPXATOZ_render_front.png,1.0,0.2
rand_0BC49T2K2O_render_front.png,1.0,0.2
rand_4EL34FAZY6_render_front.png,1.7973620330489686,0.2
rand_QPRJ4RNJJX_render_front.png,1.0,0.2
rand_CDOVAX6O39_render_front.png,1.2585848336293912,0.5318856096660771
rand_399TIJMYW1_render_front.png,1.0,0.2
rand_Z69ZP7G271_render_front.png,1.0,0.2
rand_BMD0266VE9_render_front.png,1.0,0.538697887616003
rand_ODLV47UZ98_render_front.png,1.0,0.2
rand_0PVUPT1AP8_render_front.png,1.0,0.2
rand_L0YNWCCMMM_render_front.png,1.0,0.6964428956457981
rand_K3QY58G6ZK_render_front.png,1.1330981653378622,0.2
rand_TBXSHGH8J4_render_front.png,1.0,0.2
rand_SBJEXK6BSO_render_front.png,1.3145306235069971,0.2777339661225289
rand_U7U7FSZ982_render_front.png,1.0,0.518020286492867
rand_BUQGKGETHY_render_front.png,1.0,0.2
rand_OQ75K4I3J0_render_front.png,1.0,0.3857622860612562
rand_UM30CWOMOI_render_front.png,1.0,0.9231560609640307
rand_AMDWGPC9IR_render_front.png,1.3746228159608702,0.4243881780420178
rand_5X4CLJ0RSD_render_front.png,1.0,0.41274049812152336
rand_RZCSQB8P9W_render_front.png,1.0,0.2
rand_MEOLJPOHS8_render_front.png,1.0,0.527848128057601
rand_4101AXEXW8_render_front.png,1.4579507657196165,0.2
rand_0OCUW7VTOG_render_front.png,1.9656521431130112,0.2
rand_RE3L6NVTDA_render_front.png,1.0,0.2
rand_L4J0QQN6IQ_render_front.png,1.0,0.2
rand_M8KPBT0NXY_render_front.png,1.0,0.6458354131918922
rand_197UV7D7Y9_render_front.png,1.0,0.933105396563389
rand_8T26O6CWRV_render_front.png,1.0,0.2
rand_8IYVAS4MDA_render_front.png,1.359094176535398,0.9814611390208247
rand_M26LOOZ5XO_render_front.png,1.4250468706898438,0.2
rand_9AMGIX80X1_render_front.png,1.0,0.21375470998172064
rand_5QJHO24LA4_render_front.png,1.0,0.24861208601035892
rand_3ZZI2BYIXT_render_front.png,1.0,0.41258478561169265
rand_55H5KUSB5U_render_front.png,1.0,0.2
rand_CLKFDX1ZQ9_render_front.png,1.0,0.2
rand_HEWD1I8GHT_render_front.png,1.0,0.2
rand_Z8SG3CLBM0_render_front.png,1.0,0.2
rand_CHDEPW1060_render_front.png,1.0,0.9305581471357408
rand_X3SHZW7I86_render_front.png,1.124878398518721,0.2
rand_QAUPM9BWWR_render_front.png,1.0,0.572238596800775
rand_H6UVTHINGY_render_front.png,1.0,0.2
rand_5Y2IH6K5KG_render_front.png,1.0,0.2
rand_HAYTTXLGXR_render_front.png,1.0,0.294907404668142
rand_R614D0TTSS_render_front.png,1.0,0.2
rand_JJJJHJ89JA_render_front.png,1.0,0.2
rand_MY32D25AEN_render_front.png,1.0,0.2
rand_51B0FPGZIU_render_front.png,1.0,0.3301889152502958
rand_LYTM71HQAC_render_front.png,1.6871114684838835,0.9335843822785043
rand_X88B8AAQLW_render_front.png,1.0,0.7877546688273134
rand_ZE2WCRXKN9_render_front.png,1.0,0.46870282933374885
rand_G4BVSVEQ78_render_front.png,1.81601039831691,0.8365156236301065
rand_WO2IXJVC0S_render_front.png,1.0,0.9518935965331624
rand_EXQRYEFM3B_render_front.png,1.0,0.2
rand_7GILJDQPYH_render_front.png,1.4953816590274494,0.3041444019366785
rand_U6KNOVG9KM_render_front.png,1.620089186657225,0.9614330390591372
rand_F5Q2BSXZWY_render_front.png,1.0,0.7505510445582035
rand_ZASJXLPWS7_render_front.png,1.0,0.20918612640636136
rand_YROLT1M5MI_render_front.png,1.0,0.2
rand_PN6FG4YURB_render_front.png,1.0,0.2
rand_UJ8M5F5XQH_render_front.png,1.0,0.2005298516220368
rand_V656PMGDGS_render_front.png,1.8616304581815595,0.6958826925120023
rand_QFOBXD5CZ9_render_front.png,1.0715296040770976,0.2
rand_6UWIK3E1WF_render_front.png,1.8787857934718994,0.2
rand_0GB8PUBD0H_render_front.png,1.0,0.2
rand_YFHWU1OV4R_render_front.png,1.0,0.8094031730369049
rand_XRQ3P3H65C_render_front.png,1.0,0.639902313196669
rand_X67D2EXO0F_render_front.png,1.4000651216762923,0.3372899003776316
rand_40B81PVUQ2_render_front.png,1.0,0.2
rand_FMFKNT6N2U_render_front.png,1.0926571313555962,0.2
rand_7M0F5UV2DQ_render_front.png,1.0,0.2
rand_0ZIZZVYANH_render_front.png,1.0,0.4660038285742918
rand_THQWHQ6GHY_render_front.png,1.0,0.14657276390459584
rand_3BZARB9MX5_render_front.png,1.399631267787044,0.2
rand_VPGUTEN6IH_render_front.png,1.3783011309333868,0.9014516966207604
rand_HDXDSGLE0Z_render_front.png,1.0,0.2522243726328927
rand_ZR3Y5U73GX_render_front.png,1.061151174011267,0.1938083091261904
rand_1ROH7FK4DC_render_front.png,1.0,0.2
rand_2GSLQXHGP8_render_front.png,1.7049664567672451,0.28742753419182143
rand_9NTG375JGI_render_front.png,1.0,0.2
rand_WLAMG1WJ3O_render_front.png,1.5436983964914504,0.2
rand_CZ2BOYEV7S_render_front.png,1.0,0.2
rand_MEJHJL75DM_render_front.png,1.6787337485674692,0.8189020005739558
rand_M2Q0PRRL8W_render_front.png,1.1068965272084923,0.2
rand_1SE6KLSL01_render_front.png,1.0,0.35588034733653806
rand_69JE3NBZQ6_render_front.png,1.2581853251579087,0.2
rand_E0J2O0L7WU_render_front.png,1.0,0.9173398636943919
rand_I1SJ4RLE2C_render_front.png,1.0,0.2
rand_LGK36B8VCS_render_front.png,1.645554100189779,0.2
rand_FMTMWDN3BP_render_front.png,1.0,0.2
rand_M6QMM456GO_render_front.png,1.0,0.43635032425071807
rand_ZR6T6PJSQV_render_front.png,1.0,0.14446967423030146
rand_3G1DDHTG0K_render_front.png,1.6451607292634916,0.2
rand_2SOPYKSZ5F_render_front.png,1.0,0.40073029914099656
rand_TSRX0JYPFD_render_front.png,1.0,0.6134149688983714
rand_NUL3XSSHA2_render_front.png,1.0,0.4872696945847452
rand_ZZDZGUKVB0_render_front.png,1.0,0.16302929825488832
rand_1MDU61713G_render_front.png,1.0,0.2
rand_2E2EL4UZUS_render_front.png,1.0,0.9418410796068437
rand_5DVS167AF5_render_front.png,1.0,0.2
rand_JBE9C6YSW3_render_front.png,1.0,0.2
rand_1RZCYWNNZU_render_front.png,1.0,0.454723815731088
rand_UFVRJOQ1KE_render_front.png,1.0,0.2
rand_J0LGJ3VQI4_render_front.png,1.7540959358508847,0.2
rand_0883WEOFDQ_render_front.png,1.3812730258281356,0.2
rand_LILVHIXTJX_render_front.png,1.0,0.20672212535325418
rand_C9UX1TVDVP_render_front.png,1.0,0.2
rand_E81HD69NNW_render_front.png,1.5310097124454667,0.2
rand_8WIH8JNTPQ_render_front.png,1.802809967430653,0.36687140844366917
rand_7TN4B9F2PR_render_front.png,1.0,0.2
rand_B4MVQ8RSTM_render_front.png,1.0,0.5270795364813988
rand_CAFATIJOUG_render_front.png,1.0,0.2
rand_E456A909WU_render_front.png,1.0,0.1940884783886037
rand_08JNMI8ORP_render_front.png,1.0,0.9752270565027095
rand_I3PU595L7U_render_front.png,1.3734945929717837,0.2
rand_14JTBA2OBL_render_front.png,1.2790892017130329,0.2
rand_Z8Y9IEZNCK_render_front.png,1.0,0.2
rand_WGIIOYTJUN_render_front.png,1.8139614842164713,0.2
rand_EYLBPOJKUU_render_front.png,1.0457404312344356,0.2
rand_6AGC4UHTDZ_render_front.png,1.0,0.6902939176824643
rand_KKG1VFOKCP_render_front.png,1.0,0.2
rand_IBRIITJ54O_render_front.png,1.0,0.2
rand_QYEWOXQC3J_render_front.png,1.5937156467491174,0.2
rand_IS4G3JUIWW_render_front.png,1.252208301160934,0.5757350141202324
rand_W8ATX34VN2_render_front.png,1.0,0.8723090688866285
rand_R6BCV26LSM_render_front.png,1.0,0.36658786316546743
rand_AQ6M57REA6_render_front.png,1.3169798327362185,0.37389781036158165
rand_OCYJ9TEWHX_render_front.png,1.0,0.2
rand_MAQSROI5CF_render_front.png,1.0,0.6151258946926448
rand_TCCPBSG29Y_render_front.png,1.2269387900407864,0.2
rand_BVUYZLPYQ5_render_front.png,1.0,0.9587566710619407
rand_KFZYBZY95N_render_front.png,1.0,0.2
rand_E5TCUZB9IP_render_front.png,1.0,0.2
rand_S5ZMV6M5X0_render_front.png,1.0,0.3762402820255556
rand_N2MGLES1SP_render_front.png,1.0,0.2
rand_2CPOAS66P8_render_front.png,1.0,0.19259906468525628
rand_HLXE55DKF6_render_front.png,1.0,0.31441178665833497
rand_19JTGZW434_render_front.png,1.0,0.80942360484433
rand_IQLRCJPV3I_render_front.png,1.0,0.2
rand_VRCT0KNMLE_render_front.png,1.0,0.2
rand_DIJ9HE6OZD_render_front.png,1.0,0.2
rand_P16PQYSPXO_render_front.png,1.0,0.5475189410948341
rand_71ZY8DV67E_render_front.png,1.0,0.36350878370767603
rand_TLRJAVS56O_render_front.png,1.0,0.8904458756231861
rand_300PM233IZ_render_front.png,1.4024031707030875,0.2
rand_PJ8U61VXUM_render_front.png,1.0,0.2
rand_L02K6CU0DL_render_front.png,1.0,0.7545167768698962
rand_V9N46GQYVJ_render_front.png,1.0,0.6096748407997745
rand_UKVP5P5YO8_render_front.png,1.0,0.2
rand_VIDRWY9VCB_render_front.png,1.0,0.2
rand_FIWC72VCOP_render_front.png,1.0,0.2
rand_IIEDYFRH80_render_front.png,1.0,0.4247150490359748
rand_FLZY6FXO99_render_front.png,1.0,0.2
rand_8SW5ONTTX8_render_front.png,1.0,0.5689123541565616
rand_9MH9DCQK4G_render_front.png,1.0,0.4012467443731874
rand_ZQZ05Q9GN3_render_front.png,1.2417186228260526,0.8153361579960711
rand_AB7C5J1PI6_render_front.png,1.0,0.2
rand_B9XTOTWIKL_render_front.png,1.0,0.7931836798183434
rand_G0HQX4ALBN_render_front.png,1.3946603110897282,0.2
rand_PG5YI68WX6_render_front.png,1.0,0.2
rand_MI9NHSRHFS_render_front.png,1.0,0.2
rand_EIUGLI5QMV_render_front.png,1.0,0.2
rand_B1G47ISAJN_render_front.png,1.0,0.27150905297078687
rand_UO6ZTBSURI_render_front.png,1.0,0.16117799236726868
rand_9P1DQQMDW0_render_front.png,1.0,0.2
rand_K3HZBC9J0J_render_front.png,1.0,0.19435403344370755
rand_GKLBY42P7K_render_front.png,1.605360135140823,0.9947567201487643
rand_VXDT30FL6C_render_front.png,1.0,0.2
rand_F1QCRYL0KQ_render_front.png,1.6091660684680038,0.730156466999713
rand_UB7HA2E4SU_render_front.png,1.853037807830137,0.2
rand_HZA6NDNT4A_render_front.png,1.0,0.2
rand_J384JZDWMF_render_front.png,1.0,0.2
rand_3D3J8H7262_render_front.png,1.9957890033203345,0.8091419244158992
rand_1HX9UGCJ83_render_front.png,1.0,0.2
rand_ATS350QFAP_render_front.png,1.0,0.9413811072417511
rand_9WLEUKKSES_render_front.png,1.0,0.4190615517017342
rand_UUC6NDEA84_render_front.png,1.0,0.2
rand_HNYTM7V9W1_render_front.png,1.6150224607694685,0.5631174327196588
rand_B8WLV2RVU4_render_front.png,1.3793379520695495,0.4571838832581654
rand_DT6XXWAUF3_render_front.png,1.0,0.2
rand_ZQY8C3BQCI_render_front.png,1.897350850302027,0.2
rand_SQ8TAJOH5M_render_front.png,1.4110774539237436,0.2
rand_VJ1BOIY9Q5_render_front.png,1.0,0.9889856316724313
rand_WU5VEOUUZS_render_front.png,1.0,0.5820002197853538
rand_MVX41L21A2_render_front.png,1.0,0.2
rand_LLX5FNZK9M_render_front.png,1.8018513234367548,0.2
rand_TJ02GWEGPJ_render_front.png,1.0,0.2
rand_KQTKIXUCPQ_render_front.png,1.0,0.2
rand_X5IFQNTAGM_render_front.png,1.0,0.2
rand_Z1Q4FWGY05_render_front.png,1.0,0.2
rand_DMD1A0JVP2_render_front.png,1.0,0.6058654205912741
rand_3NJCAZUH8Y_render_front.png,1.8787631391717685,0.8946807213915742
rand_K174Z812FG_render_front.png,1.0,0.2
rand_6VU489FTTW_render_front.png,1.8702515925224408,0.7040569216575201
rand_PCLIIBCZBY_render_front.png,1.9212786386591942,0.2
rand_OOL0VP36OV_render_front.png,1.0,0.2
rand_MI6G3F9VLE_render_front.png,1.6985943007061692,0.4895822995348541
rand_DNLPR6VZGC_render_front.png,1.908829688859719,0.33132272371844373
rand_RJHF6Z4UX5_render_front.png,1.0,0.2
rand_HLUMQM1DHX_render_front.png,1.0,0.2
rand_0NQZUVZTQO_render_front.png,1.0,0.3673364893444895
rand_647A07GX6X_render_front.png,1.0,0.2
rand_HC49MKSTJ7_render_front.png,1.0,0.7025646498895557
rand_G7UUQRA2LK_render_front.png,1.0,0.2
rand_F38J013VAJ_render_front.png,1.781951334255249,0.6990313987556726
rand_GFCXKPS33Z_render_front.png,1.0,0.2
rand_A7BSBSGXNP_render_front.png,1.0,0.2
rand_PX2E6U31WW_render_front.png,1.9873715412187747,0.2
rand_NP4E8B5QM4_render_front.png,1.792179090640143,0.1364429299583123
rand_37I2VB79C3_render_front.png,1.0,0.2
rand_HYOSBQGIV2_render_front.png,1.0,0.2853843691452521
rand_IZKX430EZ8_render_front.png,1.0,0.6702680009396786
rand_TWDZPHSCOI_render_front.png,1.0,0.9473678200199646
rand_S1NENJWEX9_render_front.png,1.0,0.2
rand_EYXG2R8KVJ_render_front.png,1.0818986831776927,0.4776357573459762
rand_LILW78QTVP_render_front.png,1.0,0.1327782660691968
rand_E489IFV849_render_front.png,1.0,0.9546214167397788
rand_XKD9H2N3ZM_render_front.png,1.0,0.2
rand_IFZTC4VRWU_render_front.png,1.0,0.7540535259332093
rand_30C6IS8VRS_render_front.png,1.3111194254899046,0.3680818631285111
rand_FKQ1P11XVD_render_front.png,1.2388925178364527,0.10521882225127459
rand_AYA2DWWYBC_render_front.png,1.0,0.20718943193653103
rand_DTREZ7NTMF_render_front.png,1.0,0.2
rand_DSWI854YJ0_render_front.png,1.0,0.5691044638041945
rand_1JW3GNY0HI_render_front.png,1.5645623633497476,0.3873326123408837
rand_B3S5T029OW_render_front.png,1.0,0.2
rand_36A69R6WUN_render_front.png,1.0,0.32192811554220896
rand_RVHGSYQQ5C_render_front.png,1.0,0.2
rand_9WVQ4EMMGG_render_front.png,1.0,0.13190113640791273
rand_2HXLUWKM2G_render_front.png,1.9588775438521049,0.91149269525919
rand_2EJ1B8VRYH_render_front.png,1.0,0.8648635316587493
rand_IKHE8XBEA5_render_front.png,1.0,0.8070387831401966
rand_RQ9YA258JD_render_front.png,1.0,0.6693470836877599
rand_1726G5NVB5_render_front.png,1.0,0.6494527103016067
rand_M7Y15IKVMU_render_front.png,1.0,0.2
rand_WQATEX63Z9_render_front.png,1.0,0.2
rand_LRB5Y7L2ER_render_front.png,1.8696986140203475,0.2
rand_6U96U8BHBG_render_front.png,1.0,0.2
rand_0UHSE020SQ_render_front.png,1.0,0.2
rand_QCVJ5AKB9R_render_front.png,1.0,0.51848577783054
rand_4TCLGET64H_render_front.png,1.0,0.5270358751509402
rand_PZRI6B3EU4_render_front.png,1.0,0.2
rand_SQ1QRJV73U_render_front.png,1.0,0.2
rand_3GTAU45312_render_front.png,1.0,0.2
rand_QOHHQKYVCO_render_front.png,1.209445447196818,0.2
rand_N23MI6HUHB_render_front.png,1.0,0.2
rand_675RNMBU0L_render_front.png,1.3784662246702781,0.2
rand_SLECZMJDBS_render_front.png,1.0,0.2
rand_IQG7GB8MCL_render_front.png,1.0,0.6880171656457217
rand_XVGJ19FBZQ_render_front.png,1.0,0.6706178849887038
rand_ZBMSJACWQR_render_front.png,1.0,0.2
rand_RG3HCQ7HGU_render_front.png,1.4742909487727702,0.2
rand_BU897BJJ7M_render_front.png,1.0,0.7160192851816668
rand_B17N1USC56_render_front.png,1.2023350896510427,0.3975534329632142
rand_ZKY424TASG_render_front.png,1.0,0.3864520627821544
rand_LVEN4CMFS4_render_front.png,1.0,0.2
rand_KHS33MKVCM_render_front.png,1.3311728824282305,0.2
rand_CNI1FWBUGT_render_front.png,1.0,0.2
rand_6A9NDY4SG7_render_front.png,1.0,0.9520192843923936
rand_7Y815PPWP6_render_front.png,1.0,0.2
rand_66QS23AAMW_render_front.png,1.0,0.6824684942921959
rand_L0U9AVWILY_render_front.png,1.0,0.9310223085074273
rand_AD2VCJOCXW_render_front.png,1.0,0.2
rand_HAGIHNPDDQ_render_front.png,1.0,0.8834618823420538
rand_RE9P7AIBCO_render_front.png,1.973350842654287,0.2995956169349115
rand_H9PAZNI5C0_render_front.png,1.0,0.9290427203550704
rand_2BWWUFZYF0_render_front.png,1.0,0.2
rand_QIS1TTFPV1_render_front.png,1.213928909518864,0.19630905986915279
rand_LJFJW3ENTG_render_front.png,1.0,0.3575946503105413
rand_R34RCLIXE8_render_front.png,1.0,0.5075460368353604
rand_140SIPQZRC_render_front.png,1.0,0.2
rand_H90NQPXG3M_render_front.png,1.0,0.8132842246023041
rand_T8VYI3NU3Y_render_front.png,1.0,0.2
rand_5VX3XTSVF5_render_front.png,1.0,0.2
rand_5LNA3DD267_render_front.png,1.0,0.596458156516163
rand_W65BNDSVFH_render_front.png,1.4412378302289297,0.5089560457701999
rand_TM1JJPRKRP_render_front.png,1.0,0.2
rand_QF4BW3XQSC_render_front.png,1.3075672430300371,0.2
rand_EXAX34UPJD_render_front.png,1.3044178102548898,0.5917111687529868
rand_G047SWM8NZ_render_front.png,1.0,0.3020456767239901
rand_2GPE6KEZUG_render_front.png,1.0,0.4117531192524896
rand_9T0BBXD1NO_render_front.png,1.0,0.2
rand_ZMTKIFIKID_render_front.png,1.0,0.2
rand_T61AKBP9QZ_render_front.png,1.0,0.2
rand_OLVSBMGNZ0_render_front.png,1.0,0.2
rand_8OFBWHKMNI_render_front.png,1.0,0.2
rand_3O6NDT95XY_render_front.png,1.0,0.18599369821358624
rand_XJI565WY3Y_render_front.png,1.0,0.8281285799886708
rand_GTOVJH3AZN_render_front.png,1.0,0.5479471546803782
rand_BL43LQ8DN0_render_front.png,1.0,0.840565555644165
rand_5VQB41E4W8_render_front.png,1.0,0.2
rand_FGYACTY8LZ_render_front.png,1.0,0.5299867478015926
rand_FYGI38IU70_render_front.png,1.0,0.7434905644261766
rand_0BD28UCVO8_render_front.png,1.0,0.7069380598235817
rand_7QUPVGLVPI_render_front.png,1.0,0.2
rand_I9IZ8CV8P6_render_front.png,1.0,0.2
rand_WKSF4QWERB_render_front.png,1.57179703884306,0.2
rand_Z9740HS7NB_render_front.png,1.0,0.2
rand_ES12HNHVKD_render_front.png,1.4103613585718422,0.2
rand_1IPAPWY5UN_render_front.png,1.0,0.2
rand_Q2OSNVNY3D_render_front.png,1.1307574088828578,0.2
rand_1LBQ0YSHNA_render_front.png,1.0,0.2
rand_M0NDWABRFN_render_front.png,1.0,0.9673715038326745
rand_PFDW1N82B4_render_front.png,1.0,0.36476834110224565
rand_1FZV40D0UQ_render_front.png,1.0,0.2
rand_2ETYQSPPS0_render_front.png,1.0,0.2519425753357464
rand_VQ3RAIAOJD_render_front.png,1.0,0.2
rand_RNG8YWOPKC_render_front.png,1.0,0.6969465204603207
rand_4ISHFE2JC2_render_front.png,1.348574762467802,0.2
rand_7SUHORO96H_render_front.png,1.0,0.9543657415637903
rand_YLZAQID8ND_render_front.png,1.0,0.7037058910458951
rand_O0QMYH7G9R_render_front.png,1.6804656483101428,0.2
rand_BVUKFLTZWH_render_front.png,1.0,0.2
rand_CFVN8A92IO_render_front.png,1.0,0.34414600566532455
rand_0DE2R1ZEY1_render_front.png,1.0,0.17088734829322594
rand_1SMCHYUXER_render_front.png,1.0,0.6185514117519804
rand_JIW6516EBT_render_front.png,1.0,0.2
rand_WUIO0GRBFI_render_front.png,1.0120921931833504,0.2
rand_NE83H4D14C_render_front.png,1.0,0.3482143095403635
rand_UWEBJX15NM_render_front.png,1.355695387654771,0.2
rand_0YUFS79FZF_render_front.png,1.0,0.8322361993116434
rand_JZWEOCQM84_render_front.png,1.0,0.2
rand_RWQ6WB8H7Z_render_front.png,1.9792867271874695,0.2
rand_SLTPHBI5RF_render_front.png,1.0,0.8741383862956377
rand_UJ3IMGEO9L_render_front.png,1.0,0.2
rand_AORA6OUO55_render_front.png,1.0,0.5151481846368202
rand_44WTVDOUVY_render_front.png,1.2847566349465196,0.8521037841718554
rand_WU7OS2LQOO_render_front.png,1.0,0.2
rand_B4NAAY2F2B_render_front.png,1.0,0.18846768260378963
rand_0DJ4LQD99C_render_front.png,1.0,0.6662839105412223
rand_RX5M5FHS4H_render_front.png,1.2250931268573946,0.2
rand_TS9D4MMWNE_render_front.png,1.1557145610283683,0.19836707512967122
rand_YFRFYL5K1X_render_front.png,1.0,0.2
rand_DS1ALPYCIO_render_front.png,1.0,0.10553359714936844
rand_H56MJC2IHC_render_front.png,1.0,0.6921345748866259
rand_D1UJX0TM2L_render_front.png,1.0,0.7573548611355646
rand_7AXBQ9TRL9_render_front.png,1.0,0.2
rand_X5FW7XH70N_render_front.png,1.0,0.13943800062470257
rand_8XNSZGK39J_render_front.png,1.2426689016863115,0.2
rand_SIFH5D3WLC_render_front.png,1.0886570387847274,0.2
rand_PIUQNJCCV2_render_front.png,1.0,0.2816448345148663
rand_JV5CPO77Q0_render_front.png,1.0,0.47107734537329826
rand_T53824S90D_render_front.png,1.057466339580575,0.2
rand_V854K5GMH8_render_front.png,1.8993208036268474,0.4447873493844613
rand_GMRJ0CSE2Z_render_front.png,1.0,0.10366022792233531
rand_JWS2K6YUG2_render_front.png,1.0,0.2
rand_0QKLALTJRD_render_front.png,1.0,0.2
rand_LRGGQECJ5Q_render_front.png,1.3911913335765318,0.17724162758968315
rand_AIQ0Z2UC8J_render_front.png,1.0,0.2
rand_P4BUHMBPRO_render_front.png,1.0,0.2
rand_4IJPPX3FPH_render_front.png,1.0,0.40991816961374006
rand_AHR4VIKETG_render_front.png,1.5010465302888176,0.2
rand_4ZYO2O5IL0_render_front.png,1.0,0.6885357811371476
rand_04ANOD2PBA_render_front.png,1.0,0.2
rand_2G33DY0PDF_render_front.png,1.0,0.8393074766277153
rand_05PQL1BU0S_render_front.png,1.917881974323814,0.9557015834080878
rand_8PBBNDRGJK_render_front.png,1.0,0.45562045373618965
rand_YX2EH9HKC6_render_front.png,1.0,0.4716885804748079
rand_ALN8X0G6XN_render_front.png,1.0,0.46664543486574916
rand_4GQXDPSCGI_render_front.png,1.0196177104416444,0.2
rand_SZ0NQ0LLYK_render_front.png,1.0,0.7526551929671093
rand_R7FHVNSP0Y_render_front.png,1.9480984377905382,0.7310322577977016
rand_QBNNFPRD4R_render_front.png,1.0,0.2954476727996907
rand_WFW6402UVT_render_front.png,1.0,0.2
rand_88BJ44D9K1_render_front.png,1.0,0.42157089835257644
rand_QH7ZNEZK61_render_front.png,1.0,0.2
rand_M0ZJJ3U0QX_render_front.png,1.0,0.7215999509825369
rand_KGQ7W8HHZP_render_front.png,1.0,0.4197879159918343
rand_J0FAFKL92P_render_front.png,1.0,0.47805922202725104
rand_HLF7UW5FPM_render_front.png,1.0,0.2
rand_1FN3SRD0XR_render_front.png,1.0,0.2
rand_O6PLRYH368_render_front.png,1.2540831610563967,0.2
rand_LYODEAC7GD_render_front.png,1.0,0.2
rand_9D90JSDGQ0_render_front.png,1.0,0.5648399881208737
rand_ZKFJKR09FJ_render_front.png,1.477443331570675,0.2
rand_GR0Y96XSTC_render_front.png,1.0,0.2
rand_N3VPZCD9B5_render_front.png,1.0,0.2995071290543086
rand_MPMLNGI49K_render_front.png,1.5445245780409151,0.2
rand_PXMKJDO9I4_render_front.png,1.0,0.2
rand_OZ7Z51HPYG_render_front.png,1.0,0.2
rand_EQTCWY41X2_render_front.png,1.0,0.2
rand_IMNE1T8BU9_render_front.png,1.1000906914250441,0.8233837296270645
rand_ORT8NAN5IB_render_front.png,1.6189102644643603,0.2
rand_ATDY3AJN0Q_render_front.png,1.7114314965761332,0.2
rand_XHTFNAR3MA_render_front.png,1.2093152355612018,0.2
rand_DEKSDDAGRH_render_front.png,1.0,0.2
rand_T8WU2MYBHY_render_front.png,1.0,0.2
rand_K0AF7R6ZYZ_render_front.png,1.9375606552961502,0.84707581966307
rand_2DFFMJHIW4_render_front.png,1.0,0.2
rand_IV1BOT5N7F_render_front.png,1.0,0.33836383083821936
rand_XNO5QCRTI9_render_front.png,1.0,0.631495001751876
rand_PQ561JBTYQ_render_front.png,1.0,0.9331374156448898
rand_V61AHPDH4M_render_front.png,1.49907652785551,0.16048225216497047
rand_E4OK445PGH_render_front.png,1.0,0.42514931922385324
rand_4Y922GZE64_render_front.png,1.0,0.2
rand_PKRGOCBU7C_render_front.png,1.0,0.32720394287181187
rand_1GX01N1DUS_render_front.png,1.0,0.2
rand_GFQ0STYHXQ_render_front.png,1.0,0.6841645688314658
rand_50U8VNEVXT_render_front.png,1.0,0.29008676244700726
rand_XQKC1ZX8P7_render_front.png,1.0,0.2
rand_WBA0T686MQ_render_front.png,1.0,0.2
rand_BPLV7VAHFS_render_front.png,1.0,0.17380256832912983
rand_NNVJBL8B15_render_front.png,1.0,0.35890898567555596
rand_A8AF2KUIYG_render_front.png,1.0,0.4530231961157074
rand_GAH6EPYIOH_render_front.png,1.0,0.2
rand_6ZN0X3XYRX_render_front.png,1.0,0.6720406990617329
rand_DCM98RAKPS_render_front.png,1.0,0.3926830593024172
rand_V9S3CYQBSJ_render_front.png,1.0,0.2
rand_QP64VZ1AT2_render_front.png,1.0810985724561686,0.2839270615676448
rand_L84HDK6DMZ_render_front.png,1.0,0.22080130756063948
rand_T6T19FLGCV_render_front.png,1.0,0.2
rand_0DKUIPHO4V_render_front.png,1.0,0.2
rand_PQZH4Z5Q85_render_front.png,1.0,0.2
rand_5M024N6GM5_render_front.png,1.0,0.2
rand_5HP8QWC5A2_render_front.png,1.231728315364765,0.2
rand_0CD8GFOYI4_render_front.png,1.0,0.9251656721200567
rand_IWR6D7ECQT_render_front.png,1.0,0.2
rand_MGJGOXM3Y9_render_front.png,1.0,0.15108207042952043
rand_6GDQKVAYKU_render_front.png,1.8792244429681988,0.2
rand_3SO4WIR3E2_render_front.png,1.0,0.2
rand_9K5HBK6UIW_render_front.png,1.095599527866661,0.23601237775971767
rand_90N7WHKXJH_render_front.png,1.0,0.7667059533870754
rand_1LVXR8X01T_render_front.png,1.0,0.2
rand_DMWEOFINBW_render_front.png,1.0,0.5123838492238713
rand_TKG0C7O7J6_render_front.png,1.4121044205292599,0.2
rand_ZXRC02NEQI_render_front.png,1.0,0.2
rand_ZQFHURJ27G_render_front.png,1.0,0.2
rand_O3YS0OODHR_render_front.png,1.0140873098931353,0.2558355348194741
rand_JM0QU12JBT_render_front.png,1.0,0.2
rand_BOYMR9O5MW_render_front.png,1.0,0.3814023831173866
rand_KO8UGAPN7E_render_front.png,1.5597895373456092,0.2
rand_NO2S870PUY_render_front.png,1.9637053907934887,0.2
rand_T37ZTBXH7O_render_front.png,1.574537132753031,0.9461661395661443
rand_WS2VHKZCLA_render_front.png,1.381206033092337,0.7056420896256921
rand_1YOLRT1MYV_render_front.png,1.0,0.2
rand_V85DTKH866_render_front.png,1.0,0.4544206581211194
rand_YPZ62DOWYT_render_front.png,1.6898135395801719,0.6368792387644544
rand_MP7WC40WT1_render_front.png,1.3660224312983233,0.2
rand_LPK6NBKADO_render_front.png,1.0,0.49180069147391015
rand_7WG2VRLCBK_render_front.png,1.0,0.2659612479957534
rand_Z7QR1GBFNJ_render_front.png,1.8459757033349367,0.34189299401652484
rand_GHH06CFEKD_render_front.png,1.0,0.8483960170193183
rand_H38TFKFX2K_render_front.png,1.0,0.9451875584016565
rand_AGYBO94UUH_render_front.png,1.0,0.32888768038560134
rand_UY83XULJO3_render_front.png,1.0,0.4402490209140545
rand_BTK1Z0PPLG_render_front.png,1.0861480047455552,0.36809841685533007
rand_K7OSU7CILO_render_front.png,1.0,0.2
rand_OYHW2F7OQT_render_front.png,1.1090094864818063,0.4683647025832882
rand_D5KX7TPSIU_render_front.png,1.0,0.5779953305831752
rand_NSFQ1KPQ93_render_front.png,1.0,0.2
rand_IDFZCW4AA3_render_front.png,1.0,0.8899373512412458
rand_2ZCXETMKX9_render_front.png,1.0,0.2
rand_KK4GGPKC96_render_front.png,1.7300642064867637,0.8153954987752362
rand_JLAJEHZC1L_render_front.png,1.0,0.2
rand_VTYWU5NPZ7_render_front.png,1.5745271657268,0.5050067960786566
rand_OBNC2EUUMN_render_front.png,1.0,0.676277081981908
rand_RDC7DE9DNJ_render_front.png,1.235718957697145,0.2
rand_N3LAC4FPW7_render_front.png,1.0,0.2
rand_AF0IA8S719_render_front.png,1.0,0.2
rand_N46U2TZQAC_render_front.png,1.4247438174514726,0.9526441922196724
rand_9XCWGZ0NM6_render_front.png,1.0,0.23425720594307806
rand_ST0OO0NK67_render_front.png,1.0288418297273259,0.446623920735156
rand_IIHVGMTAS5_render_front.png,1.0,0.8760903112324625
rand_K5DPMFJ2ED_render_front.png,1.0,0.2
rand_OCJGHDFCDG_render_front.png,1.0,0.2
rand_63ULCZ9SP8_render_front.png,1.0,0.6676009533349454
rand_W984CHSZPQ_render_front.png,1.0,0.2
rand_IJBCV1642B_render_front.png,1.0,0.2
rand_TD1NMQCD1K_render_front.png,1.0,0.2
rand_P46OB055YT_render_front.png,1.101615499023259,0.2
rand_ML93N5FZBG_render_front.png,1.0,0.2
rand_PEBH8PY9IJ_render_front.png,1.0,0.2
rand_18Y7TZFAE8_render_front.png,1.0,0.8773455948882705
rand_IRGZECGSAI_render_front.png,1.0,0.2
rand_1CC1X5R0NR_render_front.png,1.7933871722323658,0.2
rand_YMI7RNKOGI_render_front.png,1.0,0.2
rand_G8AF7LEVND_render_front.png,1.0,0.2
rand_V81RLQH7XB_render_front.png,1.0,0.2
rand_APZYALOXXL_render_front.png,1.0777093285676664,0.14794692553240898
rand_CATT0NMT59_render_front.png,1.0,0.4767160250489739
rand_C2XSY1SKHV_render_front.png,1.3617049838673494,0.23528120510041603
rand_4KUYS1XZYZ_render_front.png,1.0,0.6284394639126549
rand_LC07QJRMMR_render_front.png,1.0,0.2
rand_8PY4ZMX2VC_render_front.png,1.0,0.2
rand_RQDJSZ9CDI_render_front.png,1.0,0.3691952788478353
rand_ZLZNLUAO52_render_front.png,1.0,0.2
rand_78R7RUWMTZ_render_front.png,1.0,0.8871853429838571
rand_6FNAS5G562_render_front.png,1.1953017214199337,0.5906566719133044
rand_WVF85ORIT4_render_front.png,1.6540591071253004,0.2
rand_BKHBMTNLXC_render_front.png,1.0,0.5390863506403101
rand_UPFVDYLVLM_render_front.png,1.0,0.6830667348297084
rand_3D5WGR1NHO_render_front.png,1.0,0.2
rand_O00DVNZE1F_render_front.png,1.0,0.4439241830027426
rand_2DN6RRJLGF_render_front.png,1.0,0.5470420764103782
rand_IVBAYJ8CI5_render_front.png,1.0,0.2
rand_T77FJVKQUV_render_front.png,1.0,0.4546902260124276
rand_NE99HYVJCS_render_front.png,1.0,0.34542258806866943
rand_CFUALUISHQ_render_front.png,1.0,0.2
rand_XLOR2W206Y_render_front.png,1.0,0.2
rand_YYQQDE05S1_render_front.png,1.0,0.38199835493789436
rand_RPMZ3NYYQO_render_front.png,1.3592764696831503,0.2
rand_Q8I74PDH67_render_front.png,1.0,0.9069679659439769
rand_JZ5CWNEL68_render_front.png,1.0,0.2
rand_ZK2S3N05Z1_render_front.png,1.0,0.2
rand_873KMDM5Y5_render_front.png,1.0,0.2
rand_WHFDDGEJTF_render_front.png,1.5105330257555798,0.41845542616506104
rand_G3CHCJ7I5B_render_front.png,1.0,0.2
rand_UV4GCAVM5H_render_front.png,1.6317580488029042,0.2
rand_Z5Z38LJ1IX_render_front.png,1.0,0.6935996124348134
rand_39XGZEX36T_render_front.png,1.0,0.2
rand_LX5M5W56EU_render_front.png,1.0,0.2
rand_BS8K1NS7EF_render_front.png,1.0,0.2
rand_NELKV5QA0F_render_front.png,1.0,0.7571011917573358
rand_F1MWXEXL0Y_render_front.png,1.0,0.2
rand_S5F51J8RI9_render_front.png,1.0,0.8655336781123975
rand_MA9XKJ7HEX_render_front.png,1.6054625262465,0.5142686512843548
rand_UWTT93DRVX_render_front.png,1.0,0.2
rand_IT20RF32TX_render_front.png,1.0,0.5957069036698348
rand_4SPB8SQ4AP_render_front.png,1.4363580481001534,0.2
rand_RXUC5TE2HG_render_front.png,1.953418187037573,0.45976000233554026
rand_SH5KRXRBFA_render_front.png,1.4371813892443988,0.4891948109990747
rand_VPV05NAWKS_render_front.png,1.0,0.2
rand_LP75F8MNSL_render_front.png,1.3089509524186806,0.2
rand_9SVM7IHT3M_render_front.png,1.0122605542865148,0.9834970469239972
rand_N0G98OEUET_render_front.png,1.3124774554686174,0.3112358875239194
rand_IEHBILMEAU_render_front.png,1.0,0.2
rand_CQ4PHOFFGO_render_front.png,1.0,0.2
rand_I1TRZC71KU_render_front.png,1.0,0.5815170644941497
rand_3CBW1KTWDB_render_front.png,1.0,0.7208272897399418
rand_6PM8VFY4JE_render_front.png,1.0,0.2
rand_I6QB1N5WLI_render_front.png,1.0,0.7869628701135439
rand_J2L9ODN0FX_render_front.png,1.0,0.5185171645608748
rand_4UNNOBHCOD_render_front.png,1.0,0.2
rand_QSQOMAHSTA_render_front.png,1.0,0.507441161560614
rand_1NYTRRWAKM_render_front.png,1.0,0.2
rand_EEJB50M54W_render_front.png,1.0,0.8164008082432139
rand_2WL1H6ARLS_render_front.png,1.0,0.2
rand_6KQQIZWB4F_render_front.png,1.0,0.7583206668199637
rand_W8681A4EWD_render_front.png,1.0,0.2
rand_FOMTA7W2NL_render_front.png,1.0,0.2
rand_MXHOREZ7G7_render_front.png,1.0,0.6534906719359471
rand_NCPFIOQYW4_render_front.png,1.0,0.3363650615161783
rand_TXBMHC75KZ_render_front.png,1.0,0.5793053843943723
rand_EB274GMZ0P_render_front.png,1.8339272855686262,0.2
rand_I25ZJ9L0W6_render_front.png,1.0,0.2
rand_PMC1DC5RA8_render_front.png,1.0,0.2
rand_NG5OVT3FXL_render_front.png,1.0,0.8548310748125322
rand_L384OLTM9H_render_front.png,1.0,0.5819212186931562
rand_S078N1VR8W_render_front.png,1.0,0.2
rand_6WO1N1ORUD_render_front.png,1.0,0.40381994622981365
rand_R0UU9XH86D_render_front.png,1.0732770807979999,0.2
rand_X9FJJYPUBY_render_front.png,1.2978914624640328,0.2
rand_QMQ6O0PHHC_render_front.png,1.0,0.1449036324994904
rand_9M5184S49F_render_front.png,1.0,0.9312860126144783
rand_FSMW5MOE99_render_front.png,1.0,0.2
rand_RX60YCYA5I_render_front.png,1.0,0.5762325367232751
rand_ORB3LSYM4X_render_front.png,1.0,0.4152309299967052
rand_8DR2RJGRPI_render_front.png,1.0,0.2
rand_V3VU74LWCP_render_front.png,1.3874993948909529,0.4684790649372158
rand_SC8TZ660KT_render_front.png,1.0,0.15273234463844154
rand_T4OO18VVVL_render_front.png,1.0,0.2
rand_72LASZW93A_render_front.png,1.0,0.2
rand_3XZRYX5914_render_front.png,1.0,0.10642620377405716
rand_BYLNINRU11_render_front.png,1.5033894911340275,0.36592973708977283
rand_F9GYW3GGIU_render_front.png,1.0,0.5964556863480114
rand_3NLA679VJF_render_front.png,1.0,0.6692545039769033
rand_KX293XU7R5_render_front.png,1.5967523066356402,0.42575477372843207
rand_HL5AQVFX9W_render_front.png,1.0,0.2
rand_CML83OF0KY_render_front.png,1.0,0.2
rand_6MUPZKEEPD_render_front.png,1.0,0.5575491148086014
rand_OMUGFJG5F6_render_front.png,1.0,0.7409193647228219
rand_O5UKHAZPWC_render_front.png,1.5195193044763209,0.39712323124626936
rand_51QQ6LC2BK_render_front.png,1.0,0.2
rand_1LEED0NHXS_render_front.png,1.8422144598904986,0.2
rand_2GFY4OSWZ9_render_front.png,1.736834523278182,0.5132655600868834
rand_KGMS52RC9A_render_front.png,1.0,0.2387568520323677
rand_HFS4D6M3G5_render_front.png,1.0,0.24878354654801654
rand_7QPGFVS5SM_render_front.png,1.0,0.31946567012060934
rand_LAH83EKEXB_render_front.png,1.0,0.12210078537619468
rand_7K04YHZMP0_render_front.png,1.0,0.16944343581382415
rand_442JHWNKNM_render_front.png,1.0,0.2
rand_A3OLOV1YWB_render_front.png,1.0,0.478576573227676
rand_9I94R1G06F_render_front.png,1.0,0.45957183286902514
rand_FLLRHOOG8W_render_front.png,1.915075480647272,0.2
rand_3O3ES1EI08_render_front.png,1.7150314619273188,0.2
rand_K5CHHPWUSA_render_front.png,1.9711619072086033,0.27770228162200733
rand_RHS289ZF7U_render_front.png,1.2843654253127337,0.2255075521388756
rand_Q0SM8CMXC8_render_front.png,1.0,0.3754785953807097
rand_IZ99GS4DRK_render_front.png,1.0,0.2
rand_X9M4I49YR2_render_front.png,1.0,0.2
rand_2S62Y2DTMT_render_front.png,1.0,0.3144194740119856
rand_OXERP0DAZF_render_front.png,1.0,0.36188752577175587
rand_QAUPVSIWQJ_render_front.png,1.3820645270423193,0.2
rand_6FC6LBJ811_render_front.png,1.0,0.2
rand_4D67COCM29_render_front.png,1.0,0.9132290477361247
rand_XT4PSDZ69P_render_front.png,1.0,0.2
rand_ZKL35WRT8B_render_front.png,1.0,0.7141638811176876
rand_B7FILM4LF0_render_front.png,1.2572213611509446,0.2
rand_GE63W52BFO_render_front.png,1.0,0.4791087283869755
rand_SVUCY3YLRE_render_front.png,1.0,0.2
rand_F33V1YFCUM_render_front.png,1.0,0.2
rand_ZZLDQPEEVV_render_front.png,1.0,0.2
rand_2DTO226KCB_render_front.png,1.0,0.18273731607483046
rand_DZVB9BOO30_render_front.png,1.0,0.2
rand_RJJ3QESM06_render_front.png,1.0,0.2
rand_3AKUJSCM6T_render_front.png,1.024900485632124,0.2
rand_UL54A725FT_render_front.png,1.8144213049046083,0.27601963834928733
rand_IQUFLRLRRJ_render_front.png,1.0,0.2
rand_0DR6EJTF04_render_front.png,1.0,0.829604527794889
rand_T1ZTIEL86X_render_front.png,1.0,0.9770923535502192
rand_O9LN5X325O_render_front.png,1.9354541528268006,0.2
rand_8LVMKSJ7JQ_render_front.png,1.0,0.46090622327811226
rand_BAL2KO4Q62_render_front.png,1.0,0.2
rand_WULQDWIGV3_render_front.png,1.0,0.2
rand_HA3DD4QOW3_render_front.png,1.0,0.2
rand_XC4RRHG45Z_render_front.png,1.0,0.2
rand_KKJ5P9SCGT_render_front.png,1.0,0.2
rand_DYXSF1X4ZY_render_front.png,1.0,0.30888855534937076
rand_ZTJIE0XLDL_render_front.png,1.4008579954776075,0.22080467522162306
rand_H4M9WRX6D8_render_front.png,1.0,0.6188077195749768
rand_VJ4X34EHFB_render_front.png,1.0,0.36059828395362126
rand_FMTZXLWBTE_render_front.png,1.0,0.7220943473209317
rand_5EOU6FNRWE_render_front.png,1.0,0.2
rand_IKDVMLL8I9_render_front.png,1.0,0.2
rand_4Y88YQ405D_render_front.png,1.0,0.2
rand_PM50J4KUDX_render_front.png,1.5045633155474234,0.2
rand_IIV936YNMQ_render_front.png,1.2076252850799527,0.2
rand_E4KWAFH6KS_render_front.png,1.0,0.5959435481889851
rand_EAZKPYTULP_render_front.png,1.0,0.2
rand_KPZWA7KJJC_render_front.png,1.0,0.26926317744288125
rand_M6QHJTO6F9_render_front.png,1.0,0.8753368246308897
rand_52EP4QJLGQ_render_front.png,1.0,0.9951606196120082
rand_8FRBW85OVH_render_front.png,1.0,0.2
rand_2M8H83CQJP_render_front.png,1.0,0.2
rand_Q7200F33L3_render_front.png,1.0,0.6441914107569333
rand_3DA2V47R4H_render_front.png,1.183384588240099,0.2
rand_HGVXYLC30G_render_front.png,1.0,0.2
rand_MKQB6KH3EB_render_front.png,1.0,0.6026432366029884
rand_9MUWO9L0J2_render_front.png,1.353101666627747,0.17819924525820424
rand_MMFO81PM23_render_front.png,1.9445902159600705,0.13896506210359044
rand_E1XNWQCI7T_render_front.png,1.7195884880305377,0.2
rand_SRM8RO260U_render_front.png,1.0,0.9684710160666475
rand_C53T3CRBVD_render_front.png,1.0,0.39812705150545546
rand_ISC4I0W5VP_render_front.png,1.0,0.3995218032929817
rand_ELXRPKNR5Z_render_front.png,1.0,0.2
rand_CABH70E1A4_render_front.png,1.0,0.2
rand_I7NX01Q8GM_render_front.png,1.0,0.2
rand_DF6WD12TTY_render_front.png,1.0,0.2
rand_166TVX8TI3_render_front.png,1.0,0.2
rand_29WUGOU1FQ_render_front.png,1.0,0.2
rand_11BCYICJ0Y_render_front.png,1.0,0.2
rand_DPE7E6RNJ0_render_front.png,1.0,0.2
rand_Y3XLPKFANH_render_front.png,1.0,0.2
rand_WOD8OIXT0E_render_front.png,1.0,0.6407500257073991
rand_EXW372UN4L_render_front.png,1.4955841437199031,0.2
