File Name,flare,low_angle
rand_LTQ4AZIPX0_render_front.jpg,0.7890289713360207,0
rand_27I32SSWJ0_render_front.jpg,1.1808736463761884,0
rand_WT0U6H1PIC_render_front.jpg,0.772259514029139,-26
rand_OCFD14SP99_render_front.jpg,0.999731568757797,0
rand_GDSL0T2GOB_render_front.jpg,0.9023890678304767,0
rand_7F9Y1F7FEE_render_front.jpg,0.8834321251430428,0
rand_3B9ETLAKKR_render_front.jpg,1.0597119474737062,-2
rand_5DLT5NCBEO_render_front.jpg,1.2215689622367276,0
rand_3U0N1SS17A_render_front.jpg,1.0598160804420778,-10
rand_8CI4BKALGP_render_front.jpg,1.0,0
rand_XIALG7FNMT_render_front.jpg,1.173007224793091,0
rand_LC07QJRMMR_render_front.jpg,1.2282930422786191,0
rand_6OFCDCD1N4_render_front.jpg,1.1703505718055587,8
rand_37I2VB79C3_render_front.jpg,1.0,-19
rand_GGHP8NGCI0_render_front.jpg,1.0,0
rand_IERDUEN8LS_render_front.jpg,1.2604092815859524,0
rand_B5AD2KB6NF_render_front.jpg,1.1016554752707775,0
rand_19JCDVRTTX_render_front.jpg,1.362316620144939,0
rand_SQZ6FCTGE0_render_front.jpg,0.9364426561638859,0
rand_ZLA0IE4UDH_render_front.jpg,1.4391436402976958,0
rand_GMXER56PJH_render_front.jpg,1.0,0
rand_CSY2WLUOS1_render_front.jpg,1.3991987313099337,0
rand_B9XTOTWIKL_render_front.jpg,0.9875575563813848,0
rand_L7MR5GX4DE_render_front.jpg,1.2380811774131002,0
rand_IIV936YNMQ_render_front.jpg,1.2601653693199106,0
rand_HPTXVNPQIL_render_front.jpg,1.0,0
rand_SRTKB8BBEN_render_front.jpg,1.0,-8
rand_VI1DR0V8L4_render_front.jpg,1.1841401308337263,0
rand_4N9QJKOWG5_render_front.jpg,1.0,0
rand_ET9HM3XOJJ_render_front.jpg,1.4601074213072036,0
rand_R8NQF0523B_render_front.jpg,1.1655171351485785,-26
rand_NV8YX8P0XQ_render_front.jpg,1.0,0
rand_S90N9UKAF8_render_front.jpg,1.0,0
rand_PIOTSFT7L1_render_front.jpg,1.0295011313773395,0
rand_VXCJMUSYCN_render_front.jpg,0.8996667996069725,0
rand_R8F7C5CQE3_render_front.jpg,0.6120882796352661,19
rand_D1OJA1HM3W_render_front.jpg,0.7084723668324718,0
rand_OMAV8UJGZM_render_front.jpg,1.2083163855137515,0
rand_8BF1TGECH5_render_front.jpg,1.256060539512415,0
rand_AED3LBC15A_render_front.jpg,0.7889916414223325,0
rand_5YJJJZ3AXP_render_front.jpg,0.6916509608049821,0
rand_SA6F4FLN7H_render_front.jpg,0.9815492151052259,0
rand_X4YUTEC5CQ_render_front.jpg,0.8500983138858185,0
rand_RDUKXJG5DC_render_front.jpg,1.0,0
rand_Q1781DDWXI_render_front.jpg,1.014010866295237,0
rand_B1G47ISAJN_render_front.jpg,1.0,0
rand_CVCGGHWBWL_render_front.jpg,0.8414949081078316,0
rand_SQ1QRJV73U_render_front.jpg,0.8693137374224986,0
rand_F1S74UTDNO_render_front.jpg,0.7885085111536752,23
rand_U740QZAH4X_render_front.jpg,1.0,30
rand_ZDIUIXLREL_render_front.jpg,1.1868630030584373,12
rand_7OAW9FDNHR_render_front.jpg,1.0471304336993401,0
rand_EA636AFD6Q_render_front.jpg,0.7139494424368286,0
rand_WU5OXGZQY7_render_front.jpg,1.1296757552304757,-8
rand_BJJNJERUR2_render_front.jpg,1.306184217216337,10
rand_MN0FOOOXB4_render_front.jpg,0.814602778873592,0
rand_H5CUJHNUZJ_render_front.jpg,0.861711548908721,0
rand_KF6674MHGQ_render_front.jpg,1.098284633833655,0
rand_OS4CX8A9DL_render_front.jpg,1.358206628890041,0
rand_1FZV40D0UQ_render_front.jpg,1.0949815890406438,0
rand_Y680EEJU7M_render_front.jpg,1.0,-13
rand_IDWC22OIX7_render_front.jpg,1.1182133467094628,0
rand_9DBY57TBP5_render_front.jpg,1.3098833637426668,0
rand_8ZFLECHC7N_render_front.jpg,1.0,-27
rand_WUIO0GRBFI_render_front.jpg,1.3231531028352554,0
rand_2H39WPJSBQ_render_front.jpg,1.2161450498314708,0
rand_NK4RFVHN13_render_front.jpg,0.7910221540491268,0
rand_30ZEKRUXS9_render_front.jpg,1.1023461094037532,0
rand_0HM3UVB0FX_render_front.jpg,1.3958573024634864,0
rand_3DW1G2C07M_render_front.jpg,1.0,-3
rand_F4Y219IQZR_render_front.jpg,1.0,0
rand_71OM3ZML81_render_front.jpg,1.0,0
rand_TQKR1C74JM_render_front.jpg,0.8317941997577711,-5
rand_AQUMCXHMO5_render_front.jpg,1.0,0
rand_O31N1IEYWB_render_front.jpg,1.0,25
rand_M4Z0YOEJ6V_render_front.jpg,1.430494557984973,0
rand_JNC1VWFFOL_render_front.jpg,1.4340728148886144,0
rand_N26JBJBJDF_render_front.jpg,1.1479031674858193,0
rand_3YC9BIL38W_render_front.jpg,0.9151159597205991,0
rand_EYM8FI8B1G_render_front.jpg,1.0,0
rand_F3M1UDKJEF_render_front.jpg,1.0101910239366052,0
rand_ATSP8XI1DO_render_front.jpg,1.4948814137318593,0
rand_CMK1OI6F8O_render_front.jpg,1.3360445686618552,0
rand_193DC7TOTQ_render_front.jpg,0.6579872746534023,14
rand_UOAWYB2L8D_render_front.jpg,1.0119263734800508,-4
rand_IAOOSNJF9Z_render_front.jpg,1.281560804264753,0
rand_5EUWU7HX5E_render_front.jpg,1.0,0
rand_9ZQH02XWZ0_render_front.jpg,0.7621109435597098,0
rand_8KS7Q8PORE_render_front.jpg,1.0,0
rand_UKNILSWDSC_render_front.jpg,1.0,13
rand_TJVQEF67WG_render_front.jpg,1.0,0
rand_NA7LU8OL8J_render_front.jpg,0.9480073907717288,0
rand_OQYE7EOLCH_render_front.jpg,1.0,0
rand_1FD5WAL3V5_render_front.jpg,0.6574065071499189,0
rand_V6U3P3OAMF_render_front.jpg,1.0,-6
rand_58DEKIUD4G_render_front.jpg,0.8458617049101477,18
rand_DW6TWR6TTI_render_front.jpg,1.0,0
rand_PAKN13A6DY_render_front.jpg,1.0,0
rand_IDD7K0HAWG_render_front.jpg,1.4205372241414513,0
rand_J384JZDWMF_render_front.jpg,1.0,0
rand_1ERK7VFD1Y_render_front.jpg,0.9441503282224191,0
rand_9P1DQQMDW0_render_front.jpg,1.0,0
rand_3QDX3BHICK_render_front.jpg,0.9580782998876387,0
rand_N2JAFKPG86_render_front.jpg,0.7704868281467121,0
rand_CFEX9535U4_render_front.jpg,0.7907663159102241,-18
rand_F5B0K5DP14_render_front.jpg,1.0,-14
rand_J20TL21681_render_front.jpg,1.0656433882911227,0
rand_UALUXUKYFG_render_front.jpg,0.7852636857355105,27
rand_K18J4HQYO2_render_front.jpg,1.4544136758157924,0
rand_88AR5AJ84T_render_front.jpg,1.0,0
rand_Q0GUC2DDA5_render_front.jpg,1.2757171000210121,-20
rand_UZI5FRD92J_render_front.jpg,0.773510289925583,0
rand_3ECQ93Z0UL_render_front.jpg,0.9767224787599156,0
rand_AVCZHE2UX0_render_front.jpg,1.4222104036638314,0
rand_CFTAXU501F_render_front.jpg,0.9025057804576118,0
rand_S5ZLTQPX4K_render_front.jpg,1.0,0
rand_4GO8JROK89_render_front.jpg,0.7389783718527356,0
rand_LSU6QV6RK7_render_front.jpg,1.0,0
rand_BEGSZFPN9W_render_front.jpg,1.0,0
rand_9C56X8BC35_render_front.jpg,1.191251680154539,0
rand_AXZG41W93C_render_front.jpg,1.2216090731071527,0
rand_0RVA0ARGLW_render_front.jpg,1.285196192725584,0
rand_8A4A0RZU6Z_render_front.jpg,1.221177293355686,0
rand_T1Q2C7Y2G4_render_front.jpg,1.0,0
rand_3C4S0OWCPR_render_front.jpg,1.2388390270812988,0
rand_80BETNKZ96_render_front.jpg,1.2753645573612342,0
rand_CXEH7VONXQ_render_front.jpg,1.0770486431163566,-16
rand_IQJNNP1KN9_render_front.jpg,1.3067450931801714,0
rand_W5AT77L7TN_render_front.jpg,0.7614255638457968,0
rand_MJ13MRSLIX_render_front.jpg,1.0,7
rand_L5J43XQF7Y_render_front.jpg,0.6146495635048834,10
rand_IA13VWK1QG_render_front.jpg,1.4090967479425878,-13
rand_XWA6ATT71X_render_front.jpg,0.891302900950703,0
rand_CS5PGGOU8H_render_front.jpg,0.6125151794592153,0
rand_8PVHYXQAFL_render_front.jpg,0.9434028655554818,0
rand_IVR58FU3L5_render_front.jpg,1.0,-19
rand_Y1QP6H2HKQ_render_front.jpg,1.0,1
rand_M2OAMCAU0M_render_front.jpg,0.7668720357002797,0
rand_CZ8SQQ81SS_render_front.jpg,1.249246030025855,0
rand_54YOMNTM4Q_render_front.jpg,1.1832500293392916,-23
rand_1SC1VSWNJC_render_front.jpg,1.0,0
rand_GFPWR47HS4_render_front.jpg,0.637611811995036,0
rand_S21O5EOJJI_render_front.jpg,0.7543500472625935,13
rand_PUOGD2AHWZ_render_front.jpg,1.0,-12
rand_SSCQNSEOZV_render_front.jpg,1.4239012113167306,0
rand_0YB6M4YTEK_render_front.jpg,0.8801542514797438,14
rand_4N432EBXHD_render_front.jpg,1.3236939355746622,0
rand_362BM0LXCV_render_front.jpg,1.0583431599073259,0
rand_2CKI2G3834_render_front.jpg,1.4965845318898348,0
rand_25XNKZE4PN_render_front.jpg,1.381580423998836,0
rand_5ML8UTDJPN_render_front.jpg,1.1804404573764873,0
rand_GTX6KRGKT8_render_front.jpg,1.0,0
rand_7JFWA1YWDK_render_front.jpg,1.0,0
rand_6AN3KZMSDZ_render_front.jpg,1.2408260986502988,0
rand_Q1ITGTBUZP_render_front.jpg,1.3261953274071872,0
rand_S1O09QU6J2_render_front.jpg,0.6185454621058868,0
rand_SFQCZNRHGE_render_front.jpg,1.0,0
rand_B9YWI4GIWR_render_front.jpg,0.851282489362631,0
rand_APJUUS01JB_render_front.jpg,0.9328394140703817,0
rand_0GR5JVJM1A_render_front.jpg,1.0,0
rand_8XWGCQRZCO_render_front.jpg,1.3984087303082915,-29
rand_20UC4LE2AX_render_front.jpg,1.2802784334166621,0
rand_RCAQ4QMD4X_render_front.jpg,1.0,-1
rand_4AM6TQUXDP_render_front.jpg,1.0,17
rand_VZXENI74SY_render_front.jpg,1.0,2
rand_INK1LGQ2T1_render_front.jpg,0.9124758527628392,0
rand_9L93Z32R6X_render_front.jpg,1.178437964011818,0
rand_7IIGCJ9CZB_render_front.jpg,1.0,-30
rand_F2E8PWBNYJ_render_front.jpg,1.3359707006712491,0
rand_0B2ZXW0U60_render_front.jpg,1.1926412381639808,13
rand_E6SW0MKNDC_render_front.jpg,0.6703081595152569,-18
rand_USFQWKDZ17_render_front.jpg,1.3517445321069919,0
rand_P4YNN20BST_render_front.jpg,0.8432554272641373,-21
rand_2HXLUWKM2G_render_front.jpg,1.3358156425830376,0
rand_KS0B9U8KA0_render_front.jpg,0.9327455361753688,0
rand_2FHCXQ5TU4_render_front.jpg,1.1839344914001488,0
rand_T0GD5RFT86_render_front.jpg,1.2240599761021578,0
rand_5NW2K4I7FI_render_front.jpg,1.0,0
rand_6YR5QJ6KOY_render_front.jpg,1.1304357463956594,0
rand_D34HEIMOE6_render_front.jpg,1.0,0
rand_1FW5IXBE6J_render_front.jpg,1.1592874774305457,-12
rand_C1T5V8DRJ0_render_front.jpg,1.1523844894894448,0
rand_NDLX564QDH_render_front.jpg,1.0,-30
rand_XC9H6U9X6T_render_front.jpg,1.3563302909588517,0
rand_WUT6ABTW6V_render_front.jpg,0.8605017626873104,0
rand_UW84AGTWXO_render_front.jpg,1.0,26
rand_2QJIVLK6XG_render_front.jpg,0.8627717182997992,0
rand_RX42TWBLR9_render_front.jpg,1.1161373468256501,0
rand_0A36YXPNV0_render_front.jpg,1.0,0
rand_QPUSBQUQ69_render_front.jpg,1.011044594686528,0
rand_L2L8M4UJAJ_render_front.jpg,0.9794120509387294,0
rand_ISC4I0W5VP_render_front.jpg,1.0,0
rand_5GIMCJ3641_render_front.jpg,1.0004602037717185,0
rand_ZCOKHK7XHU_render_front.jpg,1.0,0
rand_DKZLMGG4PM_render_front.jpg,0.9878518448737563,-18
rand_W8986LTDGU_render_front.jpg,1.3923022627553319,0
rand_OW5XOLKCVK_render_front.jpg,0.8649537159654578,20
rand_D9FB6BBJ40_render_front.jpg,1.0,0
rand_WJFIAUZKU2_render_front.jpg,1.2516167258825148,0
rand_BVFEH2CZWK_render_front.jpg,1.3792420328358876,0
rand_YK62X9XBQF_render_front.jpg,1.3376230131151523,0
rand_K0S3JWZ6P7_render_front.jpg,1.0,0
rand_86NGXRB0FW_render_front.jpg,0.7044112591385974,0
rand_WZK68C58PO_render_front.jpg,1.4063623811401187,0
rand_FNH3ZV4JU1_render_front.jpg,0.7796000333605969,29
rand_08JNMI8ORP_render_front.jpg,1.0171694357037857,0
rand_RBYEU22KDG_render_front.jpg,0.6817061806261779,0
rand_6Q1Y29YN5J_render_front.jpg,1.197559904567157,22
rand_APZYALOXXL_render_front.jpg,1.4525358845642693,0
rand_QLQB0MDJ1G_render_front.jpg,0.7890865268523057,0
rand_75QWDYNUFM_render_front.jpg,1.0,0
rand_ZTAHQ496MM_render_front.jpg,1.286248776269188,16
rand_82T39MU9T8_render_front.jpg,1.0,0
rand_0OVLBXF4MQ_render_front.jpg,1.0,0
rand_V94B7Q5RNU_render_front.jpg,1.3230784134823903,-27
rand_UYSR2KESDC_render_front.jpg,0.6474894164967863,0
rand_H95ZD85N1A_render_front.jpg,1.0,0
rand_GAH6EPYIOH_render_front.jpg,1.3985119566783406,-9
rand_Y7O9QZ5IOQ_render_front.jpg,1.488930977830037,0
rand_Z8V13566SC_render_front.jpg,0.9700737940819302,0
rand_YIW5QRSQWA_render_front.jpg,1.2702604004464155,0
rand_80IZY08DVZ_render_front.jpg,1.2428526093503707,0
rand_V0NOGU139M_render_front.jpg,1.0,0
rand_RGD49RFE3L_render_front.jpg,0.8759885859504148,-26
rand_G87VAAP8FP_render_front.jpg,1.1185995033833098,-18
rand_IPWT17E36N_render_front.jpg,1.2977679991340778,-25
rand_S4ZM2UPVDF_render_front.jpg,1.2747220803750747,-4
rand_6ZMGOCNXW2_render_front.jpg,0.8325788378125928,0
rand_1RKK2TS35W_render_front.jpg,1.2438972284405145,0
rand_YT1RV4VV45_render_front.jpg,1.1436074630968172,0
rand_HSVB212L0H_render_front.jpg,0.8233797325187137,0
rand_R7IK0FIXUI_render_front.jpg,1.4188711951406798,20
rand_HZA6NDNT4A_render_front.jpg,1.0095539952282904,-5
rand_L4IF5SRSXX_render_front.jpg,1.0,0
rand_HU4F4V9YQJ_render_front.jpg,1.0,0
rand_EGY19RZL0X_render_front.jpg,1.3347064312402444,0
rand_1WROKZEHC8_render_front.jpg,1.0,0
rand_W27C6JUZ72_render_front.jpg,1.1339214446587125,-29
rand_I7ACFV4EXX_render_front.jpg,1.2473547715981343,0
rand_QHS8P60Z91_render_front.jpg,1.0383441994296128,-12
rand_YOIOPZS3LE_render_front.jpg,0.9096891901446922,0
rand_K5H8AV5C1T_render_front.jpg,1.0,22
rand_LEDVFUZG8X_render_front.jpg,1.257853700576112,0
rand_7273S3658C_render_front.jpg,1.0,0
rand_Z5MBVPSZT3_render_front.jpg,0.8324168701553718,0
rand_SM4A9O28BV_render_front.jpg,1.4192537832701397,0
rand_HQ2C4OOEAG_render_front.jpg,0.9444473054542244,0
rand_6ZKH5D0WA4_render_front.jpg,1.0,0
rand_FYUN1BV7FQ_render_front.jpg,1.0,0
rand_07H2LSC7MP_render_front.jpg,1.0,0
rand_0B4PVW9R6O_render_front.jpg,0.6726122542010884,0
rand_MZNP6XHIZY_render_front.jpg,1.0303626158115733,0
rand_WO45INSH0T_render_front.jpg,1.2390030303247799,23
rand_J13NZS2B2X_render_front.jpg,1.0135430962818115,-15
rand_0V45X4ELM8_render_front.jpg,1.4752661372273153,0
rand_BK7NCIOYEX_render_front.jpg,0.7357712437107554,0
rand_AH13F12A88_render_front.jpg,1.2613282094919511,0
rand_JZR7V4HQC5_render_front.jpg,1.0,0
rand_L3WCQZEQAA_render_front.jpg,0.976627056943636,0
rand_K85JHWIV6Z_render_front.jpg,0.7025887230480168,0
rand_K3QY58G6ZK_render_front.jpg,1.0,0
rand_RHS289ZF7U_render_front.jpg,1.3732533269948028,0
rand_RXUC5TE2HG_render_front.jpg,0.9534721646216455,-11
rand_RZCSQB8P9W_render_front.jpg,1.2795547215705252,0
rand_TTEVCUY797_render_front.jpg,1.184972175108926,0
rand_956WWWO7PF_render_front.jpg,1.3216509512611174,-21
rand_4FBSLB6A97_render_front.jpg,0.657296169415077,0
rand_0883WEOFDQ_render_front.jpg,1.0305911077057974,0
rand_CT1SRF7IPY_render_front.jpg,0.9271085282943202,21
rand_GJNX2GAOPJ_render_front.jpg,1.0671978343989277,0
rand_LINCW20JZO_render_front.jpg,1.0657976662849151,0
rand_61Z1HG8CZ9_render_front.jpg,0.8002182624529874,0
rand_F06AAN66A6_render_front.jpg,1.0,0
rand_VJL3TS3UVK_render_front.jpg,1.0397139437389935,0
rand_2EMAQNL12F_render_front.jpg,1.0,0
rand_E4D7ICFG98_render_front.jpg,0.9639141310981717,0
rand_59GP8HRFAY_render_front.jpg,1.4287667408788869,0
rand_16P94TSNVE_render_front.jpg,1.4571270620359227,0
rand_3AU8D8P2KL_render_front.jpg,1.0571835344439398,21
rand_TEPOP8W0DJ_render_front.jpg,1.0,-25
rand_NLVEL04PVV_render_front.jpg,1.103563906968528,-13
rand_WV18BVDXKN_render_front.jpg,1.301327471999011,-9
rand_D1UG24XT7N_render_front.jpg,1.1205169666760626,0
rand_ZABOKY1GGY_render_front.jpg,1.0,0
rand_Z8EE6OT7GI_render_front.jpg,1.424474479826337,0
rand_LV8LX0Q9RE_render_front.jpg,1.0,0
rand_WMFYTGS1RI_render_front.jpg,0.6359768625364768,0
rand_JOEF81LLZ7_render_front.jpg,1.0,0
rand_JFQJZ89G5Y_render_front.jpg,1.1862731476538941,0
rand_SI6UJ2OMHO_render_front.jpg,1.4184571813430473,13
rand_MN7SOBU1FF_render_front.jpg,1.0,0
rand_YDY45XSZI0_render_front.jpg,1.0432853349432558,0
rand_G3KHD0LUIB_render_front.jpg,1.0,8
rand_O2LYAPEBBZ_render_front.jpg,1.3399977766301754,0
rand_9R0SWHM0KI_render_front.jpg,1.0,-26
rand_JTHPXEYOLV_render_front.jpg,1.392814719956366,0
rand_EFDUP3A59J_render_front.jpg,0.9646142703787581,0
rand_X72W4J21MP_render_front.jpg,1.0,0
rand_TCFZHDRKNH_render_front.jpg,1.1007274621737897,0
rand_TUBHCFBDQT_render_front.jpg,1.0,0
rand_BN6HC232FI_render_front.jpg,1.0,0
rand_1MDU61713G_render_front.jpg,1.0,0
rand_2K0HNUW53N_render_front.jpg,1.0037656253056486,0
rand_I576YLPWA8_render_front.jpg,0.7756588775802391,0
rand_JIOCNJ52UB_render_front.jpg,1.0154378237612824,0
rand_K5GX4H0CEH_render_front.jpg,1.0,0
rand_JNQM3QSI7R_render_front.jpg,1.0,7
rand_HK65OS80J3_render_front.jpg,0.8511919612918273,0
rand_ZSMGTQB5S4_render_front.jpg,1.0355576548312333,0
rand_A7PIU3PBDX_render_front.jpg,1.0,0
rand_9AQCYIU9FU_render_front.jpg,0.8948404762280888,-11
rand_9V4K738672_render_front.jpg,0.8095985283759171,0
rand_C4VQ6JIUFS_render_front.jpg,1.0,-8
rand_3RC2JS7A1W_render_front.jpg,1.0,0
rand_79JR7G68MV_render_front.jpg,1.0,0
rand_N8HU54TT56_render_front.jpg,1.317824179706276,0
rand_VVW93TZJDY_render_front.jpg,0.7378679649924019,0
rand_D4ZZFPQJMT_render_front.jpg,0.6310725224732616,0
rand_32QQ59CH2Q_render_front.jpg,0.6525376872118935,-26
rand_V1RG2J808B_render_front.jpg,1.1091883256050026,9
rand_QSCYDAGU3Z_render_front.jpg,1.0,0
rand_ES6U0O43A0_render_front.jpg,1.0594163983782254,0
rand_WOOLB80UFJ_render_front.jpg,1.0,0
rand_VLS22GFL4E_render_front.jpg,0.9598478940396554,0
rand_SOY8YOFULC_render_front.jpg,1.0,-24
rand_E1XNWQCI7T_render_front.jpg,0.9346545417775916,0
rand_UVJCGRUIBA_render_front.jpg,1.0233050762941531,-22
rand_HKLR4HWH7W_render_front.jpg,1.4355966892107919,-8
rand_W7OC13S2S5_render_front.jpg,1.287129060294697,0
rand_CBS9N8T42H_render_front.jpg,0.9854656752978885,0
rand_OZ08YBXQLV_render_front.jpg,1.0,0
rand_NO2S870PUY_render_front.jpg,0.8959220868587423,23
rand_II1S6XOT2L_render_front.jpg,0.6896209133406774,0
rand_RO1GWA1O8B_render_front.jpg,0.998796858850912,-6
rand_DNFLHRWNXL_render_front.jpg,1.1664377612921033,-3
rand_5O4ZTTOFJB_render_front.jpg,1.0,12
rand_KVGVAULZD2_render_front.jpg,1.0,0
rand_1BCTZ5M2R7_render_front.jpg,0.6713166339508442,-1
rand_6IUSSAXKTS_render_front.jpg,1.0,19
rand_300RQKIRSI_render_front.jpg,1.0468050636000161,0
rand_ZQZ05Q9GN3_render_front.jpg,0.6952964870613535,0
rand_NP4VOHI18C_render_front.jpg,1.0,0
rand_TS9D4MMWNE_render_front.jpg,0.6326964416364529,0
rand_Z3UWFOG5YV_render_front.jpg,1.0,1
rand_QRHGBRAYQR_render_front.jpg,1.497534888006018,2
rand_WMOOA219GD_render_front.jpg,0.8078787467299785,0
rand_P1QEY62VGQ_render_front.jpg,1.0,0
rand_57MRBEVC1Z_render_front.jpg,1.3757549738008041,-19
rand_NG5N3VHELO_render_front.jpg,1.0,0
rand_S14WEMSOBY_render_front.jpg,1.0,0
rand_YFRFYL5K1X_render_front.jpg,1.4347631188134087,0
rand_D1HJMRW0XM_render_front.jpg,0.9666297171420695,0
rand_NBLUN5DTUK_render_front.jpg,1.0,0
rand_1YBXFP3A2D_render_front.jpg,1.0,0
rand_R8XO21UNWF_render_front.jpg,1.0458377187478325,-23
rand_DDOUA7NORM_render_front.jpg,0.9338801634688668,3
rand_RX1JUSGVSM_render_front.jpg,1.118974609020087,0
rand_9B8JW469P8_render_front.jpg,1.0,0
rand_KWDNV3WE12_render_front.jpg,1.0,0
rand_Z368FTEFMQ_render_front.jpg,0.8818981747085594,0
rand_6FA0WDJOAB_render_front.jpg,1.3526245538132526,0
rand_FZL9VHVHTN_render_front.jpg,1.0,0
rand_34POU279LH_render_front.jpg,1.072559687385378,0
rand_2PEC5ZYF22_render_front.jpg,1.097912538197589,21
rand_LGO318I5OJ_render_front.jpg,0.8816204794339557,0
rand_UEV07L05LW_render_front.jpg,0.6268082992500075,0
rand_J4LH03I1GG_render_front.jpg,1.2451321303147054,4
rand_B02FMGKUP3_render_front.jpg,1.0,9
rand_36R6CCST4K_render_front.jpg,1.098901441856226,0
rand_PU3XHIHI63_render_front.jpg,1.0,0
rand_TJUIJFPUJR_render_front.jpg,0.8991734853847192,7
rand_1G2CVO5IAS_render_front.jpg,0.9784188015711863,0
rand_6H98ULCTJM_render_front.jpg,1.2811543914306969,-27
rand_WH7CXRXA35_render_front.jpg,1.1700616494379923,-20
rand_3NZL3L9LG2_render_front.jpg,0.8704261730764309,0
rand_UV4GCAVM5H_render_front.jpg,0.8814923544441302,0
rand_JDJHHL14PJ_render_front.jpg,1.454621154126396,0
rand_HHLBIOI45W_render_front.jpg,0.8981458975385911,28
rand_8G1Q91DJ3R_render_front.jpg,0.7303087284518239,0
rand_828KKFL4TS_render_front.jpg,0.6530650129901834,0
rand_6DY7PSM0F9_render_front.jpg,0.6059468406605024,0
rand_5NVCAIMS40_render_front.jpg,1.2068970148567704,0
rand_PKYA4OHG2G_render_front.jpg,0.6854313049390341,-2
rand_24E06TFW48_render_front.jpg,0.7558303114361997,0
rand_CO9TCYQBB4_render_front.jpg,1.0,0
rand_I0JQ2VWHQM_render_front.jpg,1.4994991974017933,0
rand_ZDXZZ2U0N6_render_front.jpg,1.123858835089686,-11
rand_RGH9DN47T5_render_front.jpg,1.0,0
rand_TLCON907TC_render_front.jpg,1.0,-14
rand_ALMXUR64ZE_render_front.jpg,0.8681904786873674,0
rand_QZR0KFEXAR_render_front.jpg,1.285722250535954,0
rand_ELYQLV0FR8_render_front.jpg,1.0,-11
rand_O2RLFZJR5R_render_front.jpg,0.814280089086503,14
rand_7QK8UO5MD8_render_front.jpg,1.0,0
rand_IZFJCDXOEE_render_front.jpg,1.0,-16
rand_P93SFMMR19_render_front.jpg,1.0,-23
rand_4ACZ8M7DL3_render_front.jpg,1.0,-23
rand_XVNQLT6E6R_render_front.jpg,1.4493201003265286,0
rand_BCJDG8RFCQ_render_front.jpg,1.4414326511952826,0
rand_G85PIRSEOQ_render_front.jpg,1.0,0
rand_XPD43ODKHA_render_front.jpg,1.045806813322263,0
rand_YJQWSHP67A_render_front.jpg,0.7592845299170145,0
rand_GEZE80YT1Q_render_front.jpg,1.0,0
rand_2WFM2BO7V4_render_front.jpg,1.419508092658359,0
rand_3PIV6QX2K8_render_front.jpg,1.0,0
rand_RYLIV8XP0U_render_front.jpg,1.4110442434423738,0
rand_6WAP5KNXMK_render_front.jpg,1.4732925873108498,-1
rand_919WCALQ8C_render_front.jpg,1.0,26
rand_6CEDKWWWY9_render_front.jpg,0.6950570146884681,2
rand_3GTAU45312_render_front.jpg,1.0,-19
rand_K5S3P6M5IQ_render_front.jpg,1.0,0
rand_X982HMOMGH_render_front.jpg,1.0,0
rand_5QJXNHYMAH_render_front.jpg,1.2049958235054397,0
rand_TKQMUW1GEQ_render_front.jpg,0.8333994286631274,0
rand_AVAY7RNF9J_render_front.jpg,1.219675497256837,0
rand_UPFVDYLVLM_render_front.jpg,0.909506020587886,0
rand_T9SJDOCF2R_render_front.jpg,1.0,0
rand_GLWF6JM6W2_render_front.jpg,1.3050296598018516,0
rand_KJ500ZDQIE_render_front.jpg,0.7148625845230433,0
rand_5NWS7C00SA_render_front.jpg,0.8445698970260539,19
rand_OL9I1Q5TF2_render_front.jpg,0.7335025946082369,23
rand_UQO9NJ1CYH_render_front.jpg,0.6886348945490448,0
rand_S4FRAWJLK5_render_front.jpg,0.9012049331284676,0
rand_3S47AX5QNG_render_front.jpg,1.2953699709004982,0
rand_4KEHXRCSOO_render_front.jpg,0.8238244226047231,0
rand_NXEYCPAL6L_render_front.jpg,1.4131404853906901,0
rand_USVJTXPW4A_render_front.jpg,0.9103760276776454,0
rand_25L0X2YZ67_render_front.jpg,0.9299771498394986,-21
rand_FW3EQKKYX6_render_front.jpg,0.952652391497473,0
rand_G2538S7UCI_render_front.jpg,0.9103846879736008,7
rand_F8RE4L48VS_render_front.jpg,1.4861993305762562,0
rand_P3F68PH7L1_render_front.jpg,1.0,0
rand_ENHELB1IQE_render_front.jpg,1.2313384107560255,7
rand_EKSBZXP8XR_render_front.jpg,0.6294764918953432,0
rand_L4J0QQN6IQ_render_front.jpg,0.8566870839189925,1
rand_ECV0CWKJEM_render_front.jpg,0.9525677407187669,-3
rand_B5QYLFAKNV_render_front.jpg,1.0,0
rand_N4U7EWKD4B_render_front.jpg,1.0,0
rand_26J93RGTCV_render_front.jpg,1.0,-9
rand_QETHUEEAL6_render_front.jpg,1.0,0
rand_C0BNV7O135_render_front.jpg,1.0845891797608647,0
rand_2C2MCFXST8_render_front.jpg,0.8061825969664249,-13
rand_USRW3RNRKX_render_front.jpg,1.0,0
rand_HAEZE3ZYV1_render_front.jpg,0.7941366067122789,23
rand_92TKQPIJ33_render_front.jpg,0.9268558873839594,0
rand_WK8QW5YRW7_render_front.jpg,0.6802732879287386,4
rand_OX38DWNFPM_render_front.jpg,1.0,0
rand_MKLSVOMBUE_render_front.jpg,1.0,0
rand_2PYUV79RBI_render_front.jpg,1.289719412571035,0
rand_VQMT9462TV_render_front.jpg,0.8858671323457901,0
rand_GR0Y96XSTC_render_front.jpg,0.6579870568067915,0
rand_2WL1H6ARLS_render_front.jpg,1.0,0
rand_CJFTPRBZGK_render_front.jpg,1.0,0
rand_A3ZE9YJC1B_render_front.jpg,1.0,0
rand_BNGBRK4LQ5_render_front.jpg,1.330464781644909,0
rand_8W021UMIPA_render_front.jpg,1.454953606875315,0
rand_FGNBCBL84I_render_front.jpg,0.6428516155908442,0
rand_GYI0XUMQHX_render_front.jpg,1.0,0
rand_1FN3SRD0XR_render_front.jpg,1.0,-19
rand_Q78NIBNAHY_render_front.jpg,1.0,19
rand_3MW3AMKVUV_render_front.jpg,1.0,0
rand_7N4O68KK4H_render_front.jpg,1.0,0
rand_25ZVT46WKF_render_front.jpg,1.212240001970868,0
rand_ZSM0FHTBAN_render_front.jpg,1.0,0
rand_3HFY42MQ73_render_front.jpg,1.4555530492316273,0
rand_ZQNW42XJ13_render_front.jpg,1.1247657622892746,0
rand_0EJ46EUJG3_render_front.jpg,1.0,0
rand_NBLNY7BYIH_render_front.jpg,0.6238910554893707,22
rand_MJ3XM48SS4_render_front.jpg,0.9007248684913369,25
rand_8A0C5VBTES_render_front.jpg,1.4031831343611474,0
rand_FO4END21OB_render_front.jpg,1.1423258322249563,0
rand_XXH9WS5NNH_render_front.jpg,0.9104008557564243,0
rand_K7N2OS3ZH5_render_front.jpg,0.6979993578959803,0
rand_V10NQ9AZSP_render_front.jpg,0.7078909385961261,0
rand_QCGA98KNBR_render_front.jpg,1.22651756703086,0
rand_N3R5XST9XL_render_front.jpg,0.7683279272936765,0
rand_D2HGNQ4H5G_render_front.jpg,1.0,0
rand_X5C91488UB_render_front.jpg,1.2587308461911055,0
rand_CEJW381XBH_render_front.jpg,1.0617423957118493,0
rand_96MW02R7UU_render_front.jpg,1.0,-3
rand_4AI73OUMZP_render_front.jpg,1.0,0
rand_8J8MGMZEDK_render_front.jpg,1.1392258725999578,-11
rand_C86KPT4JI8_render_front.jpg,1.1784778828082134,-5
rand_7LAM2TBP0S_render_front.jpg,1.0,-10
rand_695XA0LM9T_render_front.jpg,1.0614880222279695,0
rand_R721H0M3JM_render_front.jpg,0.7015773582081921,0
rand_4JPYDZHBB3_render_front.jpg,1.0,0
rand_X6RZJCZM7E_render_front.jpg,1.1831144894293233,-1
rand_96GXGAKOMT_render_front.jpg,1.0,-30
rand_GE63W52BFO_render_front.jpg,0.6391400227985802,15
rand_WJICNQGBAR_render_front.jpg,1.0,0
rand_MBAB27XA6J_render_front.jpg,1.0,0
rand_12MHU4MHJF_render_front.jpg,1.1387014723232167,0
rand_15GF6UD4OB_render_front.jpg,1.2020671682725526,0
rand_H18UBG0939_render_front.jpg,1.0,0
rand_MBSXTLDXMH_render_front.jpg,1.3031858231822426,25
rand_Y2R8V5HPFC_render_front.jpg,1.0,-29
rand_WY85MNRE9X_render_front.jpg,0.8945284662635965,0
rand_E5381IXR19_render_front.jpg,1.0,0
rand_3TJXPEM7V2_render_front.jpg,1.232606919578017,13
rand_37U9JO4J4E_render_front.jpg,1.3019588599012408,0
rand_9HWS3Y3JY7_render_front.jpg,1.281817670566423,0
rand_L6RA3DFUPO_render_front.jpg,1.0,0
rand_0GTAD1P1ZP_render_front.jpg,1.0,25
rand_LM93G0HTB0_render_front.jpg,1.0,-1
rand_8BZPOXIO58_render_front.jpg,0.6408300897191923,0
rand_7YVJKE960W_render_front.jpg,1.2400010131984072,0
rand_RUR0VN9O5G_render_front.jpg,1.3627425783830616,18
rand_2G33DY0PDF_render_front.jpg,1.298113047503119,0
rand_OAOJWAOCAB_render_front.jpg,1.380998369062887,-12
rand_QQ629MH74Q_render_front.jpg,1.0,0
rand_Y7141OZK98_render_front.jpg,0.7525774479132421,0
rand_B73SRBUL8I_render_front.jpg,0.9918026031187699,-7
rand_J7CJHM8ACO_render_front.jpg,1.0,0
rand_90U6MDVOEH_render_front.jpg,1.2118697072727356,0
rand_F3OT73RNC7_render_front.jpg,1.1645277069765672,0
rand_8FBYI11L07_render_front.jpg,1.4237464541516176,0
rand_PDZ82SGQPZ_render_front.jpg,1.0354710516875212,28
rand_8BIREE1142_render_front.jpg,1.477869532414009,-23
rand_GG0PIQZXP9_render_front.jpg,1.4881878796545887,0
rand_85IXFH0X5C_render_front.jpg,1.0257749648110437,1
rand_5U1MNXY6D1_render_front.jpg,1.0,0
rand_DOQGPVR2GL_render_front.jpg,1.0,0
rand_KCKDY9NWJH_render_front.jpg,1.0,0
rand_5LFGFPCDEN_render_front.jpg,1.4663124342891525,-2
rand_J1DIQCL2YR_render_front.jpg,0.9272949579023817,-2
rand_5KHUSWJS4V_render_front.jpg,0.6660806684859966,27
rand_39VY3HFTNQ_render_front.jpg,1.0,-7
rand_BURRUKB3H4_render_front.jpg,0.9409110881795073,0
rand_KFB8U8SQES_render_front.jpg,1.4693412205599625,0
rand_S2NTFVE5SJ_render_front.jpg,0.9630221558165968,0
rand_ATD788DH4P_render_front.jpg,0.7307190650825193,0
rand_SARFS5KXDP_render_front.jpg,1.0,0
rand_NR2QDVL0ZP_render_front.jpg,1.4844618766037958,0
rand_ZFHEH8XU4O_render_front.jpg,1.0,0
rand_P0KIWLHPVB_render_front.jpg,0.7965470618489903,0
rand_OTNJT14KW8_render_front.jpg,1.0,0
rand_6MUPZKEEPD_render_front.jpg,1.0,0
rand_IELMIZ3BG4_render_front.jpg,1.139369264081557,25
rand_JM4H2205XT_render_front.jpg,0.7796020625103063,0
rand_33SS1J68DG_render_front.jpg,1.0,0
rand_ANEX2E1JLF_render_front.jpg,1.0,0
rand_LRZP24KHZF_render_front.jpg,0.9118214143986886,0
rand_T76X996EUY_render_front.jpg,1.4642970827057304,0
rand_GCU09CLDYK_render_front.jpg,1.0,28
rand_JXHI4YIIZD_render_front.jpg,1.0,0
rand_4WVMI8MNMI_render_front.jpg,1.0,10
rand_GU3VDECHIC_render_front.jpg,0.9382997997434104,0
rand_FW4NABLETA_render_front.jpg,1.0,0
rand_LDN130J798_render_front.jpg,0.7642849666790337,17
rand_9H5VBHIKG0_render_front.jpg,1.0,0
rand_WBTL13I8RD_render_front.jpg,0.7978492256149219,0
rand_JMFTSDGWZW_render_front.jpg,1.0,0
rand_TFPPQVQ9E7_render_front.jpg,0.9440636853000303,0
rand_5VSZ5KNQOL_render_front.jpg,0.998345236673752,0
rand_TFV4M7BE90_render_front.jpg,1.0,-3
rand_KJKQGKNNOQ_render_front.jpg,1.0653689130713424,0
rand_5EMZ9UFGO1_render_front.jpg,1.0,0
rand_CJYWPJHDSK_render_front.jpg,1.4961227215421755,0
rand_IGXVQLE3OE_render_front.jpg,1.4008624986172613,0
rand_CV94M47O2P_render_front.jpg,1.4223139871935886,0
rand_IS0NHK0WX5_render_front.jpg,1.1767737999136156,-2
rand_R9DJ1GN5ED_render_front.jpg,1.187467276950747,0
rand_1PNPWQMOVD_render_front.jpg,1.0,0
rand_XVUMVDMQXB_render_front.jpg,0.7638338235334251,0
rand_MHB7S3JOM8_render_front.jpg,1.470998068106998,-21
rand_ERHF4R88O2_render_front.jpg,0.8439955806790971,0
rand_C6OUYJXOR1_render_front.jpg,1.10193106170225,0
rand_UP0DERER1P_render_front.jpg,1.3068652630819104,0
rand_QFOBXD5CZ9_render_front.jpg,1.0,-2
rand_8BF67V8FTI_render_front.jpg,1.0,0
rand_5QICXEOM7K_render_front.jpg,0.7894818507920681,13
rand_XJLWRQ5X6J_render_front.jpg,1.0,11
rand_VAFBIFHFGD_render_front.jpg,1.2335721409929983,0
rand_EQOWRK3EAJ_render_front.jpg,1.0,0
rand_BIO27OUFK4_render_front.jpg,1.0288657476721073,0
rand_9K70JJZVAT_render_front.jpg,0.7968278863629391,0
rand_28IHIJPZTV_render_front.jpg,0.8430977136288523,20
rand_C6SNGEF41Q_render_front.jpg,1.3028883757647862,0
rand_73V21YG4FJ_render_front.jpg,1.1465004816171915,0
rand_W7K65DAEGU_render_front.jpg,1.0,4
rand_8M0NZD80DF_render_front.jpg,1.0,-22
rand_IDY53OL0FM_render_front.jpg,1.0606679504371797,0
rand_3DHAKJ9NGT_render_front.jpg,1.4434365681948655,0
rand_WCMJ686C8T_render_front.jpg,0.7642229045976281,0
rand_SPA3H70Z28_render_front.jpg,0.6591479169308265,0
rand_P74MSLJJDO_render_front.jpg,1.1235613731175436,9
rand_KB0YP6ADBY_render_front.jpg,1.4923784782239626,0
rand_NTU7QPOH5J_render_front.jpg,1.0,0
rand_G47745J6OF_render_front.jpg,0.7213234894320977,0
rand_RS9PZRIQ32_render_front.jpg,1.0,18
rand_D470Q1IOXX_render_front.jpg,1.3201821094119661,-13
rand_LMFITJL23O_render_front.jpg,1.276908263556043,0
rand_MCZGGW0DIP_render_front.jpg,1.01368241209687,-22
rand_HJGOQURZGE_render_front.jpg,0.6607433376168126,0
rand_GKKWSPWZJV_render_front.jpg,0.8940175374624159,0
rand_8RCYUWXHAW_render_front.jpg,0.7692720874312782,0
rand_3UACLYF07O_render_front.jpg,1.0,0
rand_T6LUF0YQ6A_render_front.jpg,0.733992992177735,0
rand_E2YIZCA3PO_render_front.jpg,0.8616282429516267,0
rand_E524RGLPLK_render_front.jpg,0.8187294296938552,0
rand_K5T9DIKR7E_render_front.jpg,1.0,-16
rand_TAO89TA82D_render_front.jpg,1.0,3
rand_28RERQLUJX_render_front.jpg,1.0,0
rand_5YYW7E8ERV_render_front.jpg,0.9900810630150372,15
rand_UJ9RAWXB3U_render_front.jpg,0.7975784562812351,21
rand_TI0HBS9TUQ_render_front.jpg,1.349376264473467,0
rand_90EXM8GJ5B_render_front.jpg,1.3238827089877643,0
rand_S094BDOCE7_render_front.jpg,1.2299541907808544,0
rand_IPXQ7TOJ16_render_front.jpg,0.6921908124153545,0
rand_0U1XK789GS_render_front.jpg,1.3176221757599844,-12
rand_6PHU80SN8U_render_front.jpg,1.308788653572965,-8
rand_FGMU9RVNZU_render_front.jpg,1.175518193453656,0
rand_JRBEEUOFP0_render_front.jpg,1.0,0
rand_VJKAK09ALN_render_front.jpg,0.6959212894685854,0
rand_AOL9KBD7X6_render_front.jpg,0.616213372080319,0
rand_LF5I1VFYK9_render_front.jpg,1.423780973146543,0
rand_63CQJCHJP2_render_front.jpg,1.0,20
rand_I2JM71LQY0_render_front.jpg,1.2505775557255088,24
rand_HIG3IQ2MS3_render_front.jpg,0.7648385587418487,2
rand_MAEOHQW9LK_render_front.jpg,0.942116489253721,0
rand_ROWD4ZRVQA_render_front.jpg,1.0,28
rand_XQG94M4A10_render_front.jpg,1.302902758330454,-3
rand_TKABJ9SUFZ_render_front.jpg,1.4287046313259038,0
rand_CSX4RS852J_render_front.jpg,1.0,-9
rand_ELHJH98MIK_render_front.jpg,1.2228637760761458,0
rand_WCWMVB3LCA_render_front.jpg,1.309843232351419,0
rand_5GJOYNX40U_render_front.jpg,1.0,0
rand_NHS9KDGOIA_render_front.jpg,0.9104634374869522,-30
rand_GMRJ0CSE2Z_render_front.jpg,1.0,16
rand_WJ11B5PGXW_render_front.jpg,1.159470263628229,-12
rand_6CR3Z6G0YX_render_front.jpg,0.802258357620666,0
rand_MP0YB2RYIT_render_front.jpg,1.3387876714340095,-15
rand_1AXCW6N1O0_render_front.jpg,1.366169835815196,0
rand_KT07KX9F9M_render_front.jpg,1.0,0
rand_0SADK4VW9I_render_front.jpg,1.392798387854402,0
rand_USHBXI79AM_render_front.jpg,1.0,0
rand_B37RWC0B5J_render_front.jpg,1.0,0
rand_598BF8CL3W_render_front.jpg,1.4893141502211038,-4
rand_J2IH6ZJ983_render_front.jpg,1.3068260143627652,0
rand_OC13S0P8EP_render_front.jpg,1.0888404301500427,0
rand_18ZB6FI9T5_render_front.jpg,1.0,0
rand_2W0VQELKE0_render_front.jpg,1.0,0
rand_1NPFUEAMU2_render_front.jpg,0.6879842589837334,27
rand_JB1XK5QH4V_render_front.jpg,0.6862108844152128,0
rand_4XU66IWUGP_render_front.jpg,0.7444592809814928,0
rand_C2HCQ3QD4R_render_front.jpg,0.6252043610191268,0
rand_SSX5RI858F_render_front.jpg,1.0,0
rand_MCUOUPX0JJ_render_front.jpg,0.6154542224932051,21
rand_3WS8419T98_render_front.jpg,1.2459411673663894,24
rand_5QD88EYPC4_render_front.jpg,1.3523310006876264,6
rand_ZHPZH2MY06_render_front.jpg,1.0,0
rand_ELF9117WP0_render_front.jpg,1.0727618876755418,0
rand_DBNFK4YP21_render_front.jpg,1.3296583391291905,7
rand_6LGVTZU5PK_render_front.jpg,0.8716534137946492,0
rand_AFPMY5YX1G_render_front.jpg,1.0,0
rand_A3HS0QTF8D_render_front.jpg,1.0,0
rand_440ICOGKUD_render_front.jpg,1.0,0
rand_YCH2M770LK_render_front.jpg,1.0,-12
rand_EXY3SCWBMC_render_front.jpg,0.9799655548151185,0
rand_X3240JAMXQ_render_front.jpg,1.0003862990918437,0
rand_F1NFV251GL_render_front.jpg,0.969542136873889,24
rand_KES3VVILBL_render_front.jpg,1.247454776171196,-4
rand_LMDKJM2PIA_render_front.jpg,1.1041437914704284,8
rand_OYBC83FHAF_render_front.jpg,1.0,0
rand_UNEII9UFNX_render_front.jpg,1.3389077890204621,0
rand_0GB8PUBD0H_render_front.jpg,1.0,0
rand_UHZBIZMLK5_render_front.jpg,1.0056963599844606,5
rand_O28U0DNKF1_render_front.jpg,0.9012492123236542,0
rand_PHSCZ0QVPE_render_front.jpg,0.8286340092887149,0
rand_QY8PK0J8OK_render_front.jpg,1.1821468526267187,0
rand_J0EFRJ7VM5_render_front.jpg,1.0,-16
rand_DY4T6J94X2_render_front.jpg,1.0,0
rand_IWPUL9X42Q_render_front.jpg,0.873341132718557,4
rand_RXJUFWCUDA_render_front.jpg,1.0707982206531537,0
rand_UCZPYQCIHM_render_front.jpg,1.098762944865876,0
rand_Q4NNFN5YC6_render_front.jpg,0.7085398847050659,-6
rand_BGHFJXFW3S_render_front.jpg,1.4561748798827348,0
rand_7Z3ULKIBX8_render_front.jpg,0.7957170034744377,0
rand_INUTTJS5K3_render_front.jpg,1.232296603533592,0
rand_498E99EU9N_render_front.jpg,0.9947955517479412,0
rand_BZBRCQ1TL8_render_front.jpg,1.0426593562783277,21
rand_1E7A3XJTG2_render_front.jpg,1.0,-4
rand_OP2YCHTNTV_render_front.jpg,1.0,0
rand_MLPTZ56C5G_render_front.jpg,1.0,0
rand_J84W7FYTG7_render_front.jpg,1.0569780570592013,0
rand_0VCS4UBNI8_render_front.jpg,1.4980278367742244,0
rand_L9KG4KHHT4_render_front.jpg,0.8468668416008798,0
rand_85288YGONP_render_front.jpg,1.4457829933623656,15
rand_R29WUAHNJE_render_front.jpg,1.0,0
rand_CPWAA8K4JE_render_front.jpg,1.0,0
rand_ZCNR774691_render_front.jpg,0.6227496018969982,0
rand_DROAI40XBB_render_front.jpg,1.1082761133721513,0
rand_9ZO8D989XF_render_front.jpg,1.0,-29
rand_CW0LKNOCT0_render_front.jpg,0.9516149804507993,26
rand_CSXJ9QBFJZ_render_front.jpg,0.6374603560704292,10
rand_N9PSI55JPK_render_front.jpg,1.0,0
rand_RZ1E9WILRC_render_front.jpg,1.30864444274285,0
rand_WSRBD8HI37_render_front.jpg,1.2964620042105297,0
rand_CPKUG8VH5D_render_front.jpg,1.1321194254488993,0
rand_YIMBVYO7UW_render_front.jpg,1.4866838898864767,0
rand_J5CI6C09Z0_render_front.jpg,1.2636614189199549,0
rand_R614D0TTSS_render_front.jpg,0.6404966640783465,-13
rand_NQ54U09G50_render_front.jpg,0.6420908894725295,0
rand_99XTN78HD7_render_front.jpg,1.0,0
rand_4AWOJKG56P_render_front.jpg,0.6660125927138394,0
rand_47YFEZ2030_render_front.jpg,1.0567789661524696,0
rand_0I5MMUDCZM_render_front.jpg,1.0,0
rand_56EC0IZTTR_render_front.jpg,0.76228790191558,0
rand_ZVELYCKU23_render_front.jpg,1.2049098223765418,16
rand_I94A2PN3VJ_render_front.jpg,0.9695408227522546,0
rand_GRFMTI53U7_render_front.jpg,1.1445238481347697,0
rand_VLPOP3U80W_render_front.jpg,0.8378175984472982,0
rand_YMU6C8HZ12_render_front.jpg,0.6935118267780646,0
rand_3T44E4KQ6L_render_front.jpg,0.870018821129156,0
rand_KKVJKLSWNN_render_front.jpg,1.0470524052049313,0
rand_QKWQABTE25_render_front.jpg,1.0,-26
rand_HCLAWSSJBW_render_front.jpg,0.8944274964788885,12
rand_YIR0ME6ZGW_render_front.jpg,0.8645035395919485,0
rand_L96Z4NKSRC_render_front.jpg,0.88266902596182,0
rand_GXHR3JFQ23_render_front.jpg,1.0,0
rand_2YQFY8ANDT_render_front.jpg,0.8663762163499125,0
rand_9JWUDNDJUS_render_front.jpg,0.6906859985797306,0
rand_B0OLS164RH_render_front.jpg,1.0,-8
rand_6KOD87KII9_render_front.jpg,1.0,29
rand_U8OWVCA4W0_render_front.jpg,0.8282806230692811,0
rand_ANX1VUUY9A_render_front.jpg,1.3745172105116477,21
rand_OZ7Z51HPYG_render_front.jpg,1.1501613670938888,27
rand_9QTLQOF119_render_front.jpg,1.0,0
rand_PDZ0UZHBWT_render_front.jpg,0.6770667056374099,0
rand_0EIH8BJLUR_render_front.jpg,1.0,0
rand_6OT9LU0JZO_render_front.jpg,1.032844858170325,0
rand_V7QQYQYU0X_render_front.jpg,1.150627111125536,0
rand_N69W4VNO4G_render_front.jpg,1.0,0
rand_46IV7NEU3U_render_front.jpg,0.8094004210460017,-17
rand_QRF5JT9IST_render_front.jpg,1.0,0
rand_Q1XERJ4RB0_render_front.jpg,0.6746925244462093,0
rand_OVLXHB5V4K_render_front.jpg,1.0,0
rand_HKXE0XDGO6_render_front.jpg,1.3474189497711082,0
rand_1YDZJDD70B_render_front.jpg,1.0418468676792791,-21
rand_VE77SX98EG_render_front.jpg,1.0,0
rand_N8RCPJOVZ2_render_front.jpg,1.4218251685114325,7
rand_CH3922TL6Z_render_front.jpg,1.0,0
rand_YGUOX9DK9Z_render_front.jpg,0.9124346816288821,0
rand_M9EMDLZ579_render_front.jpg,1.0,0
rand_2KNDV77NUR_render_front.jpg,1.3847719561733849,0
rand_873QYY5JPZ_render_front.jpg,1.0992575930833957,0
rand_UBUBVFHZU6_render_front.jpg,0.653001538124853,0
rand_5BVZSDG0LK_render_front.jpg,1.0,0
rand_PMBO8N0LC5_render_front.jpg,1.3647467117831913,0
rand_KC7Y44LY2G_render_front.jpg,0.8490555056076178,0
rand_06XBJRD1Q9_render_front.jpg,0.6025428951220425,0
rand_A9QIPJ27TU_render_front.jpg,1.2060381455113234,-9
rand_LI696L2JS1_render_front.jpg,1.0,0
rand_A61C9L7GWN_render_front.jpg,0.9863864908705788,0
rand_UCXW1YPXHZ_render_front.jpg,1.1215384457340347,0
rand_J4UZL0YJNT_render_front.jpg,1.4490079767202384,0
rand_VR2Y8T0UNF_render_front.jpg,1.0,0
rand_FICMA8RWK5_render_front.jpg,1.405131797738162,0
rand_C6ESJ6ZJZH_render_front.jpg,1.0,13
rand_FK72B4UVKM_render_front.jpg,0.7191228701055423,0
rand_HAZB4B4C9Y_render_front.jpg,0.7592572377540104,0
rand_NSRKW1OKKP_render_front.jpg,1.0,0
rand_QTNANHZK5V_render_front.jpg,1.2636652713556578,0
rand_AW4XO3N7SE_render_front.jpg,0.9837068132906086,0
rand_JWSYXVA3L4_render_front.jpg,0.8472078125436411,0
rand_WK5M4L4QKE_render_front.jpg,1.1878009321724678,0
rand_GUEBWRRGQ4_render_front.jpg,1.414206019753354,0
rand_EQZ9LQDRPO_render_front.jpg,1.0081013434159647,0
rand_3RVDKKDWT7_render_front.jpg,1.3656769586062412,0
rand_ZRSRGHPBGM_render_front.jpg,1.0,27
rand_XZ8UUTUVLV_render_front.jpg,1.1765601105136896,0
rand_U19OSGMPS0_render_front.jpg,1.0,0
rand_YKZL2SE0IQ_render_front.jpg,1.413615336045901,0
rand_JWCYJBOSHG_render_front.jpg,0.7760412418787787,0
rand_3HBQ8X8PRE_render_front.jpg,0.6995822646640033,-13
rand_9B72WLJ55V_render_front.jpg,1.0,0
rand_ZOL1RTELRP_render_front.jpg,1.2068563389773486,0
rand_5KS156XEPJ_render_front.jpg,1.3494289954382803,0
rand_18Z21K9QY9_render_front.jpg,1.1836450298179297,0
rand_SC2XM14ACW_render_front.jpg,1.0,30
rand_V9MXO22UFK_render_front.jpg,0.7865710945089374,0
rand_C4SGHBA32O_render_front.jpg,0.7244859160248278,-20
rand_QNCN59F3PC_render_front.jpg,0.7928002088028001,0
rand_EUA743C247_render_front.jpg,0.9779650948803522,0
rand_W7VHXYDFPT_render_front.jpg,1.0,0
rand_BU7C8Z9IJ0_render_front.jpg,1.3647647290131393,0
rand_6GDQKVAYKU_render_front.jpg,0.7409777636254039,0
rand_FLLRHOOG8W_render_front.jpg,1.3762210628683236,0
rand_9C0F9I8Z9Z_render_front.jpg,1.4814404140891213,0
rand_6BTHRRKREG_render_front.jpg,1.0,0
rand_K82BELHESD_render_front.jpg,1.0749853340300732,0
rand_MXV0GYVY4X_render_front.jpg,1.3113480372814235,0
rand_6AGC4UHTDZ_render_front.jpg,0.9420259843869657,0
rand_NE3GPR5DOD_render_front.jpg,1.0,0
rand_723HSIFW4A_render_front.jpg,0.7027267666502662,0
rand_OPWCLFXUBA_render_front.jpg,1.0222944689583144,0
rand_UTILXBPBYK_render_front.jpg,0.7194931723391235,0
rand_YSIARC2AHI_render_front.jpg,1.0,0
rand_8YICV1GDV9_render_front.jpg,1.0,0
rand_14S3RGMSRG_render_front.jpg,1.0,28
rand_AYPNEUQV6F_render_front.jpg,1.3134584043543587,0
rand_TX1HDOPPEI_render_front.jpg,1.0870221105063351,0
rand_WNN1CSV747_render_front.jpg,1.0049272040456343,0
rand_XZNLVO1PPU_render_front.jpg,0.9887880823492645,0
rand_JDOR3V7INU_render_front.jpg,0.7792210479571047,0
rand_EWLQX494AA_render_front.jpg,1.0974956941939786,0
rand_GT08VWWFU4_render_front.jpg,1.0763554634422179,0
rand_CKTXQWRAIX_render_front.jpg,1.0,20
rand_B5D6100EBJ_render_front.jpg,1.1953107812707757,0
rand_ZWCNBZW2JK_render_front.jpg,1.0,-24
rand_WLO9O39081_render_front.jpg,0.7847577781171491,0
rand_HF3TVP0M14_render_front.jpg,1.3688845845481672,0
rand_XYPRVU9C8D_render_front.jpg,0.8180196611992676,0
rand_YXEIM0FO38_render_front.jpg,0.7100290607209845,0
rand_FTQISLA9IQ_render_front.jpg,1.0,0
rand_NVGI88HQ77_render_front.jpg,1.4789018822505366,0
rand_DNFS7DLDHM_render_front.jpg,1.0,0
rand_04IZ9D2TDR_render_front.jpg,1.017146667530383,3
rand_X31L4ZC193_render_front.jpg,0.8233532588774997,0
rand_RAQBSB52SD_render_front.jpg,0.9916105374601842,0
rand_X2KKSLKOB1_render_front.jpg,0.8402445534961424,27
rand_4H29SLGZ0Z_render_front.jpg,1.0994003899646303,0
rand_YAKTL8N7IW_render_front.jpg,1.0,0
rand_2S9T2VWJXF_render_front.jpg,1.0,0
rand_ZURN5RA792_render_front.jpg,1.0,19
rand_0BE09EO73N_render_front.jpg,0.9605115889073836,0
rand_XNO5QCRTI9_render_front.jpg,1.0,-8
rand_5A5D2T81D1_render_front.jpg,1.4740605909347049,0
rand_OMHCALX8V0_render_front.jpg,0.7545590006743428,0
rand_TID7J941DB_render_front.jpg,1.0279996736568981,0
rand_O1YLYJHW4W_render_front.jpg,1.0,-14
rand_A52ZS272KK_render_front.jpg,0.7844218186599181,0
rand_TA2XI3MHAZ_render_front.jpg,1.0,0
rand_T6DPXTMGVI_render_front.jpg,0.7181659125848471,0
rand_VJDCUII8TU_render_front.jpg,1.0,0
rand_HCS6XO4886_render_front.jpg,1.4757065614830955,0
rand_XP2YEIKZMI_render_front.jpg,1.0,0
rand_S06WXE1QUA_render_front.jpg,1.0,0
rand_VB8HRRXBGC_render_front.jpg,1.416681809344137,0
rand_NR1Z3T6IM0_render_front.jpg,1.264446306083594,0
rand_45YW88LW7L_render_front.jpg,1.171630854128876,18
rand_CU4EPFOPY3_render_front.jpg,0.974593462993616,0
rand_KCP72ZDC6Z_render_front.jpg,1.4284847446101763,0
rand_TSLM1PW99H_render_front.jpg,0.9823599224100253,0
rand_O1PDJTDM57_render_front.jpg,1.0341087916435332,0
rand_N5HRZ5IPTW_render_front.jpg,1.160178707873328,-21
rand_11OEV5Y6MD_render_front.jpg,1.4514120701319184,0
rand_3MH12HPUGF_render_front.jpg,1.3072777192540634,0
rand_8KKRTKM7L5_render_front.jpg,0.9722985031844464,0
rand_TV519CR311_render_front.jpg,1.450317574856097,-12
rand_JL8VBN9XAM_render_front.jpg,1.0,0
rand_E3P4KXHMJH_render_front.jpg,0.6793896121147088,0
rand_KDIOO31WKK_render_front.jpg,1.0555834488325306,0
rand_C3KW455IDK_render_front.jpg,1.0,0
rand_P1GFD6HQUW_render_front.jpg,0.7261269902373293,0
rand_HT7E2FZ2N1_render_front.jpg,1.1390689699449013,0
rand_7LT3N4STWH_render_front.jpg,1.0,0
rand_MPOC4DJS72_render_front.jpg,0.9642845174585193,1
rand_W18CL8PE68_render_front.jpg,0.9755415619930381,5
rand_ROOJA0390P_render_front.jpg,1.4216431593310794,0
rand_S2RMBQL084_render_front.jpg,1.1490311359931549,29
rand_C0QZF2ZE4S_render_front.jpg,1.022100424181287,-1
rand_DBYXHPWOQ6_render_front.jpg,1.0,9
rand_CSJH31YUY3_render_front.jpg,1.0,0
rand_9R21E6KVH6_render_front.jpg,1.1576385401850873,0
rand_LY9H1PDJUU_render_front.jpg,0.78729179421033,0
rand_P8MQFPU1IE_render_front.jpg,0.8720770808089395,-25
rand_IYXBTIZJ0B_render_front.jpg,0.7377035111768848,0
rand_G7XJOQ06OE_render_front.jpg,1.0,-4
rand_MWXPCT6H0I_render_front.jpg,1.0644100294738785,0
rand_EKZ7LZGV2A_render_front.jpg,0.8155434781398551,0
rand_BYKB3MRM11_render_front.jpg,0.6420177192629009,13
rand_CJNF6EH1CI_render_front.jpg,0.6232987324693332,0
rand_RGUZRCB2C7_render_front.jpg,1.0,11
rand_W9RARN1RT4_render_front.jpg,1.4227268274005098,30
rand_T8OGYYFTUA_render_front.jpg,0.8033227286513203,0
rand_RTIQNQ91N0_render_front.jpg,0.8870880171598982,0
rand_OA089N2WB5_render_front.jpg,1.4005271280698284,0
rand_UWGC1K064A_render_front.jpg,0.6882309168109916,0
rand_GXVI25VPP5_render_front.jpg,1.0,0
rand_XA5EOESEOI_render_front.jpg,0.770075099156517,-27
rand_KENV2A9NAG_render_front.jpg,0.6641030342588453,0
rand_DBP2WM8KIC_render_front.jpg,0.8552757462317855,0
rand_IR3A418VOW_render_front.jpg,0.9010826514549501,0
rand_IJBCV1642B_render_front.jpg,1.3216302477027273,0
rand_LHWK2P7DUL_render_front.jpg,1.0,0
rand_VC2EV8OWKW_render_front.jpg,1.4041681598361362,-30
rand_H6FL9K6JIU_render_front.jpg,1.4491100741365854,0
rand_WWKXQ30Y5S_render_front.jpg,1.130091312796722,0
rand_WRPWWOXMJO_render_front.jpg,1.0,0
rand_YMF4REFOX6_render_front.jpg,0.7575614661706204,0
rand_4HKDI2H23S_render_front.jpg,1.3286284104337844,1
rand_GU6RDAS42M_render_front.jpg,1.0,0
rand_3VXG67Y63W_render_front.jpg,0.9014762241542198,0
rand_NVFGXSPKEN_render_front.jpg,1.0,0
rand_3V8VJJ5GXL_render_front.jpg,1.0,0
rand_0JO0KU9H08_render_front.jpg,1.0,0
rand_C0RL1FT4GL_render_front.jpg,0.779800323746404,29
rand_K7OSU7CILO_render_front.jpg,1.364000930862717,-14
rand_KD1IWXYEND_render_front.jpg,1.0,0
rand_1YMR466YTG_render_front.jpg,1.0,-28
rand_CL7D22CZ0G_render_front.jpg,0.6432851762286603,0
rand_3NEKBHD8Q9_render_front.jpg,1.0,0
rand_F9LWWOZP6I_render_front.jpg,1.0,0
rand_07LSZ9ASL3_render_front.jpg,0.7095965994882829,0
rand_TXMGXUVKZ8_render_front.jpg,0.8716048388386577,0
rand_8XROCCBBQS_render_front.jpg,1.2561198817706765,0
rand_5EOU6FNRWE_render_front.jpg,0.7758193712899817,0
rand_9M5184S49F_render_front.jpg,0.8964999934038158,24
rand_6UJ7Q3XD8S_render_front.jpg,1.3615466499760962,0
rand_N756EI2LL7_render_front.jpg,1.0822701350255146,0
rand_JSGSZK2W9C_render_front.jpg,1.0,-13
rand_7EZISEW0XF_render_front.jpg,1.0,-11
rand_IKQ5DA9HLG_render_front.jpg,1.0,0
rand_C1YRMQDKAL_render_front.jpg,1.0,-20
rand_FVFM1XNCUK_render_front.jpg,1.2019762933125528,0
rand_FJC9ET6MGM_render_front.jpg,1.0,0
rand_0CPIL3JGXE_render_front.jpg,1.4818704343107783,0
rand_R233RU4U07_render_front.jpg,0.6034752367836411,0
rand_I7NX01Q8GM_render_front.jpg,0.7041747773462244,0
rand_OW4JSZLTYL_render_front.jpg,1.3077573568604524,0
rand_H8M37QED0G_render_front.jpg,0.6894743287263205,22
rand_NE4BG6SA3G_render_front.jpg,0.8344735499388112,0
rand_18E0T3SGPK_render_front.jpg,1.0,0
rand_OPZI1I3UOS_render_front.jpg,1.0,0
rand_S4ERKQ0ZZY_render_front.jpg,0.9481123717656325,0
rand_3O77D4O0H9_render_front.jpg,1.132119712205068,24
rand_S1Y42U682U_render_front.jpg,1.0848012345853597,26
rand_D5QKH709Q5_render_front.jpg,0.8218957587916007,0
rand_C47DJAHRD8_render_front.jpg,1.0618005235663772,0
rand_C4VS4C18MF_render_front.jpg,0.8539031817850532,23
rand_HIBDLUFY7D_render_front.jpg,1.1915022395377322,0
rand_9Z7PLA2NB2_render_front.jpg,1.0374572857093376,0
rand_3SVCRTSEGG_render_front.jpg,1.2397453830600957,0
rand_OFPXTU1OE9_render_front.jpg,1.0,29
rand_7HE7Y62KUQ_render_front.jpg,1.0123684048924495,0
rand_ZTJIE0XLDL_render_front.jpg,0.9836738722195051,0
rand_FDDAJBG88K_render_front.jpg,1.0,0
rand_SF522EGFBK_render_front.jpg,1.0897533846464205,-4
rand_IFFIDCJVYE_render_front.jpg,0.9996130365999163,0
rand_Q7200F33L3_render_front.jpg,1.2596109171570686,-20
rand_K6S8OV378W_render_front.jpg,0.8098905710684409,27
rand_V0WMU4XVIF_render_front.jpg,0.9675940402696819,0
rand_0UOHSKIU66_render_front.jpg,1.0,0
rand_ZHCSB8QY22_render_front.jpg,1.0,0
rand_3DFR63YKHM_render_front.jpg,1.0,0
rand_FIFV3JGW9P_render_front.jpg,0.9313601468031263,0
rand_6W5MY8Y3QK_render_front.jpg,1.0493874738668432,0
rand_CP3BFGYHNH_render_front.jpg,1.1407282419301046,-21
rand_ORZALGAJ3N_render_front.jpg,1.0,-8
rand_8LVMKSJ7JQ_render_front.jpg,1.3614871166464124,0
rand_RGR7WIYQ8Y_render_front.jpg,1.0421282805536731,0
rand_RRZJBRPS46_render_front.jpg,1.0,0
rand_THQMEMZC5I_render_front.jpg,1.0114893658957202,0
rand_PQT5RTFG9U_render_front.jpg,1.0,-18
rand_DQ3NVTM60Z_render_front.jpg,1.0,0
rand_26S0CHRE5I_render_front.jpg,0.7305670432255102,22
rand_0DQ6ATPRWJ_render_front.jpg,0.7109552215591377,1
rand_4P0XNB42CN_render_front.jpg,1.0,-23
rand_ZQNFVIHN18_render_front.jpg,0.7122379104858036,0
rand_IW3PP5Y2TW_render_front.jpg,1.0,24
rand_G1ERWS0N76_render_front.jpg,1.0,0
rand_1AD5HC7AU7_render_front.jpg,0.91265024843796,-15
rand_7SRESBECDF_render_front.jpg,0.6745639777712056,0
rand_L4QE0W4QE1_render_front.jpg,0.7479550555801778,0
rand_T5JDE3OGM5_render_front.jpg,1.0416171918827286,0
rand_WM47E2X3VT_render_front.jpg,1.2126474949221009,0
rand_SXY7K38Z6S_render_front.jpg,0.9027884673441013,0
rand_H5ZVJEEP4W_render_front.jpg,1.0,0
rand_3ESC70CEIZ_render_front.jpg,0.9929756694981183,0
rand_5F3YLQFCKI_render_front.jpg,1.0141075453924902,0
rand_3LO1N1TSJC_render_front.jpg,0.9195456297024496,0
rand_LZ6O0YBMSS_render_front.jpg,0.8225658008570463,-5
rand_CAGFE2TAZN_render_front.jpg,1.4183168645267514,0
rand_FUDEB3E658_render_front.jpg,1.0,0
rand_IB7P3SE468_render_front.jpg,0.9850269204111387,-1
rand_SRCBDK1JHU_render_front.jpg,1.4031960987975358,0
rand_18PWALKH28_render_front.jpg,1.0,0
rand_SAV2ORDUR6_render_front.jpg,0.6998723936396969,0
rand_VIIVIJ2TIN_render_front.jpg,1.3554218676800782,0
rand_LAH83EKEXB_render_front.jpg,1.442793105775738,0
rand_7AHFJ222RA_render_front.jpg,1.4752384199472484,0
rand_5S88WS2E87_render_front.jpg,0.9391081159613042,0
rand_MPGK783J8Z_render_front.jpg,0.7242808662227861,0
rand_H80K1FCZYF_render_front.jpg,0.980695383438293,-28
rand_C7NEITUELL_render_front.jpg,1.3914171026403253,0
rand_47RRUKY8WP_render_front.jpg,0.8227352161675308,16
rand_981EQH4QJE_render_front.jpg,0.905967946659787,0
rand_HX2T6UMMBL_render_front.jpg,1.0266630406475314,29
rand_4ENEUU4QK6_render_front.jpg,0.7945761416001691,0
rand_3ZJ5KQXBPV_render_front.jpg,0.9853668361199404,0
rand_GH2E0Z2M0G_render_front.jpg,0.8523026206249966,0
rand_8GV3IX1FOJ_render_front.jpg,1.479135207657437,0
rand_WYLBSH1DFW_render_front.jpg,0.8788017336916916,0
rand_KV259RYITV_render_front.jpg,0.9546053868769151,0
rand_WEOHPP2JUG_render_front.jpg,0.8687626916728968,0
rand_G8OI2TA633_render_front.jpg,1.2707182174255176,-7
rand_URUPMUUX75_render_front.jpg,1.3910787355277363,0
rand_5UF480VFGX_render_front.jpg,0.8382304792653316,0
rand_6HU0QZDL49_render_front.jpg,0.9019683340340118,0
rand_IJQP2DXJIY_render_front.jpg,1.2851192280869106,0
rand_R0G4YR67UM_render_front.jpg,0.8887231658288661,0
rand_ZXRC02NEQI_render_front.jpg,1.0,0
rand_XG8WW3SW20_render_front.jpg,1.0,0
rand_R81O7QPF2P_render_front.jpg,0.9476321945162013,-20
rand_O4L8M3JMSN_render_front.jpg,0.9107491152298719,0
rand_491GMQYYLM_render_front.jpg,0.6284316261215241,0
rand_T37PS0RBIJ_render_front.jpg,0.6458199446318703,0
rand_LBGM2L774C_render_front.jpg,1.0,20
rand_0SDQ4A079D_render_front.jpg,1.0,0
rand_E293S7C8LQ_render_front.jpg,0.7247766281148211,-17
rand_YJTLUC1J9L_render_front.jpg,0.7138913794604438,-28
rand_X2NR4YED9F_render_front.jpg,0.6996646181701122,0
rand_J97QA1K42F_render_front.jpg,1.0891946563733401,0
rand_GLAYSDO8XM_render_front.jpg,1.0,0
rand_BNWSZNFQ6F_render_front.jpg,0.6920829610209769,-4
rand_PYANU5HETT_render_front.jpg,0.7525392115897469,19
rand_OX1PVCUEO2_render_front.jpg,1.0818965085916679,0
rand_GGZRRE77MP_render_front.jpg,0.7232716790557339,-9
rand_LTI1TQ4C4M_render_front.jpg,1.0,24
rand_GDUFESEZ4B_render_front.jpg,1.0,0
rand_WEB2QM7MWW_render_front.jpg,1.1224850723390807,0
rand_T4JC28TLAO_render_front.jpg,0.8633311281775853,17
rand_4WBQWP81AN_render_front.jpg,1.0,0
rand_NMRN8WG83Z_render_front.jpg,1.4275734761245018,0
rand_T0QGC2RLXJ_render_front.jpg,1.068757454090026,-23
rand_H645VVPYCN_render_front.jpg,1.3735266536944475,0
rand_NR7UXKVZD5_render_front.jpg,1.0626298320681733,0
rand_OQD22VEWW2_render_front.jpg,1.0,25
rand_RZ028OQRXH_render_front.jpg,0.9866701490591193,0
rand_64YHOMW1ME_render_front.jpg,0.7092796430216681,0
rand_D74XR6442D_render_front.jpg,0.9338940938265237,0
rand_86Y8LKHPRO_render_front.jpg,0.8788330209436565,0
rand_X55UUFC86C_render_front.jpg,0.6577112309775999,0
rand_CEBIYKT095_render_front.jpg,0.7076554216277562,-10
rand_T6NAC46ZMZ_render_front.jpg,1.4454416169675537,0
rand_Q2Z8EO67RU_render_front.jpg,1.0,0
rand_RSAN385FXI_render_front.jpg,1.029410313990538,6
rand_FTJXW28B7I_render_front.jpg,1.0,0
rand_6DDBLP1PBI_render_front.jpg,1.0,-7
rand_JNEXWVAPJY_render_front.jpg,1.0162698536775587,0
rand_FIQ3FVAIKH_render_front.jpg,1.3376069012556537,-4
rand_C3U2NZIYIB_render_front.jpg,1.4679856856008515,0
rand_RRTAM3PBNV_render_front.jpg,0.760221335244474,0
rand_RBTYQ16I9U_render_front.jpg,1.0,0
rand_X83V65CG98_render_front.jpg,1.219734477484275,-23
rand_JS9K7VMXKE_render_front.jpg,1.066241459264679,0
rand_NMFQ4H1N0P_render_front.jpg,1.3679894726453043,0
rand_ODIUD0YSE5_render_front.jpg,1.0,0
rand_E4T1D7Q5SK_render_front.jpg,0.9073890403139789,0
rand_1226AZVFJZ_render_front.jpg,0.7835444760660062,0
rand_2S62Y2DTMT_render_front.jpg,1.0,0
rand_3TQNGLDNX7_render_front.jpg,0.9449722999124777,0
rand_YFA5EHPBQR_render_front.jpg,0.693961988693491,0
rand_ZKFJKR09FJ_render_front.jpg,1.0,0
rand_Y606T3QT7P_render_front.jpg,1.0231959222580262,0
rand_CEG56A2HXW_render_front.jpg,1.4930740113730856,0
rand_IYFKQ5L73W_render_front.jpg,1.0,0
rand_LPW1RCN36S_render_front.jpg,1.0,0
rand_RUBPX9GV12_render_front.jpg,1.1506914756073532,0
rand_9HT4ETF4EO_render_front.jpg,0.8739579303872819,-19
rand_C9W6ESTRNQ_render_front.jpg,1.054006299740433,0
rand_A3OLOV1YWB_render_front.jpg,1.0,0
rand_T47YYYGUWY_render_front.jpg,1.1563305192762885,0
rand_CTTXKJMOZG_render_front.jpg,1.0,0
rand_VKZ8MGOXCE_render_front.jpg,1.0,0
rand_X6ATNAP9YL_render_front.jpg,1.304648196568075,7
rand_1UUSB73N0U_render_front.jpg,1.3932295845218894,0
rand_U02AA2YIZQ_render_front.jpg,1.0,0
rand_F12XJ84Y9J_render_front.jpg,1.1703878826560836,26
rand_72SEFMKT2T_render_front.jpg,1.4257747241741705,0
rand_VRCT0KNMLE_render_front.jpg,1.1145092246688493,0
rand_P1B3J8HTAN_render_front.jpg,0.7904682050894228,0
rand_P25F5S1ARE_render_front.jpg,1.4597017664091363,0
rand_757UA22T1I_render_front.jpg,1.0,0
rand_0VA4SZVS1C_render_front.jpg,1.0756547113348542,0
rand_0EIKY9VW5T_render_front.jpg,1.0,0
rand_0IAOXL417O_render_front.jpg,0.7642836761689712,0
rand_NREVPLXRB4_render_front.jpg,1.0,0
rand_4TGAI4WZCJ_render_front.jpg,1.0,0
rand_QTXYOGGN3U_render_front.jpg,0.8525405988879733,28
rand_ZBQADBBS78_render_front.jpg,0.7719419526143402,0
rand_2FYZSQUEBY_render_front.jpg,1.0,-12
rand_LILVHIXTJX_render_front.jpg,1.0,0
rand_0ZKSQXDOFB_render_front.jpg,1.389529009230868,0
rand_4Y1S3O4ZW1_render_front.jpg,1.3368477285909974,-5
rand_O658BSJNIJ_render_front.jpg,1.1954189047067403,0
rand_ZJ4FAC9CCQ_render_front.jpg,0.9839734629432295,0
rand_HX9ZGKEBA4_render_front.jpg,1.054586927247481,0
rand_K9P3LFVYKG_render_front.jpg,0.9799847336285866,0
rand_SRM1A4P3YM_render_front.jpg,1.102618382005236,0
rand_EFR4A4ZDSP_render_front.jpg,1.0,0
rand_Z3C3IJ93TK_render_front.jpg,1.4278125671353945,0
rand_SU86AONQLS_render_front.jpg,1.1328706651466403,-28
rand_QZHLY09C58_render_front.jpg,1.3100950979025288,0
rand_N346070VNC_render_front.jpg,1.061468677289513,0
rand_IPUXDUR8D4_render_front.jpg,1.2753664681482966,8
rand_F2UUD3XM71_render_front.jpg,0.6140663401314166,0
rand_ABLT0UJWFS_render_front.jpg,1.0577474334899009,0
rand_LW3935HGUA_render_front.jpg,1.029303478997899,0
rand_X67D2EXO0F_render_front.jpg,1.4984304616651083,14
rand_22H18KBGDW_render_front.jpg,1.266743573187879,0
rand_VU9ZG0KHUD_render_front.jpg,1.0372312927350062,0
rand_ZYNRXD8LJY_render_front.jpg,0.7176914290941866,-14
rand_JALZL2LF3J_render_front.jpg,1.0,0
rand_8KYCJX2JHB_render_front.jpg,1.2872462153298465,0
rand_LGF4K2ASXY_render_front.jpg,0.9297082209383919,0
rand_KR6K710GOG_render_front.jpg,1.0,0
rand_TII1KKSZDK_render_front.jpg,1.0,0
rand_OVD79CMTX8_render_front.jpg,1.0,-21
rand_4L2CG2L5K8_render_front.jpg,1.0018396799798728,0
rand_D1YDAO3RIB_render_front.jpg,1.0,0
rand_5I3X8I5VXU_render_front.jpg,1.4392935484107618,0
rand_IM4755YLFD_render_front.jpg,1.19862855949345,0
rand_QUFFVGK5M7_render_front.jpg,1.0,0
rand_XGMLEON1JQ_render_front.jpg,0.7508766477715906,0
rand_PXJQIOKJJ3_render_front.jpg,1.1805739290568242,20
rand_TTXABM86MY_render_front.jpg,1.3887110663107514,7
rand_2AY1GE9O21_render_front.jpg,1.203394699347594,0
rand_W4EH2ELQ4Q_render_front.jpg,1.0,15
rand_FMPBCESPKM_render_front.jpg,0.8171335221008023,0
rand_IPWIVXKIBT_render_front.jpg,1.4892806894824784,0
rand_JK6KJG8GT6_render_front.jpg,1.0347640053374252,26
rand_IHJHL9EKWO_render_front.jpg,0.9949516532632805,0
rand_E72L588UKE_render_front.jpg,1.2821645048107286,0
rand_X2AQUCKNBS_render_front.jpg,1.0,-9
rand_D6MBYTIEI7_render_front.jpg,0.9845569541451835,0
rand_PI9PMRXU5X_render_front.jpg,1.1168395552886503,0
rand_NS4T53Z9S8_render_front.jpg,1.4493055464002969,0
rand_O8VKJ3SF99_render_front.jpg,1.0,0
rand_LOOEHNZWNV_render_front.jpg,0.9880709248380924,0
rand_5R7O0FQOLD_render_front.jpg,1.3414751390885797,-4
rand_26MVPPWEWX_render_front.jpg,1.4104747993644466,0
rand_WPJRJQCBPB_render_front.jpg,0.6985013146511637,0
rand_3DC1S3RNZ8_render_front.jpg,1.0,0
rand_M1IKN8D2R2_render_front.jpg,0.614188178908257,0
rand_N14RKEXLTR_render_front.jpg,0.8805502705817333,-6
rand_NNHGOIJ648_render_front.jpg,1.0,0
rand_4YD41BKDQR_render_front.jpg,1.3677878952535982,0
rand_S3UUL5K9NG_render_front.jpg,0.8144727783084178,0
rand_N3YSPUV8K8_render_front.jpg,1.0,0
rand_BO3RYHO5TL_render_front.jpg,0.9547527078729476,13
rand_5KD8O0JKR5_render_front.jpg,1.2145257970395302,0
rand_IXKDDEX2IA_render_front.jpg,1.0,-3
rand_N6P0MVDZWD_render_front.jpg,1.0,16
rand_S9Q9HGRNC8_render_front.jpg,1.0,0
rand_34PN3WYU4G_render_front.jpg,0.9718293383387155,-15
rand_X1O9H0382P_render_front.jpg,0.6743658806762494,0
rand_YI3QJ4W46P_render_front.jpg,1.3272621611136954,0
rand_ZOUP7BTTWD_render_front.jpg,1.0,0
rand_ZS9Y4LQK3T_render_front.jpg,1.0,0
rand_Y3XLPKFANH_render_front.jpg,1.0,0
rand_8KLBO85YDC_render_front.jpg,1.0,0
rand_A8I3WRNYEP_render_front.jpg,0.8278233018526412,-7
rand_ZRQG1OTN6Y_render_front.jpg,1.2081983930508864,0
rand_T5DOLGO0B9_render_front.jpg,1.0,0
rand_UMC06OH5JB_render_front.jpg,1.0949047996940344,0
rand_CIK3XYSJPJ_render_front.jpg,1.2371104462528955,0
rand_BUUS90960X_render_front.jpg,1.0,-8
rand_TCDOSIJVDI_render_front.jpg,1.2259144099558634,0
rand_ZC2F6Y3U0H_render_front.jpg,0.7897196479243329,0
rand_CMHFJDBF8Z_render_front.jpg,1.265639911355636,7
rand_QMWFU2MXZ2_render_front.jpg,1.0,0
rand_UZDG7V7Z78_render_front.jpg,1.2217263187001954,1
rand_KSVM5O4Z9T_render_front.jpg,1.0,-19
rand_8RVBBYT05J_render_front.jpg,0.890273716915344,-27
rand_7JW3QMSKDB_render_front.jpg,1.0132177828102773,0
rand_P3QI5TXIHJ_render_front.jpg,0.9343787351142545,0
rand_O39OTFFIP2_render_front.jpg,1.2689807264867605,0
rand_KBPE5HA935_render_front.jpg,1.0995208305204294,0
rand_LNZOV7XE94_render_front.jpg,0.7448801183136453,-26
rand_07ZQTVELA0_render_front.jpg,0.9841783060729736,-6
rand_S3UVCNV095_render_front.jpg,0.7190505083218417,0
rand_06LOQXSHUH_render_front.jpg,0.7821775173248675,0
rand_21LDS2BPFQ_render_front.jpg,1.0,15
rand_HK4ZH5DKD6_render_front.jpg,1.3888682769592846,-5
rand_KQVWC2U8FG_render_front.jpg,0.7842631969996661,-8
rand_QWHNGESD7Q_render_front.jpg,1.0,0
rand_QY87DVIZO4_render_front.jpg,1.0,-11
rand_4WK17YJCOX_render_front.jpg,0.8627985434435883,0
rand_C4HJIQRH4V_render_front.jpg,1.0,0
rand_TG5LML2QLA_render_front.jpg,1.0,0
rand_WNNXT8H1OK_render_front.jpg,1.0,-29
rand_0OCUW7VTOG_render_front.jpg,0.7579699022832712,-15
rand_W6SECBC8V8_render_front.jpg,1.070087710139035,10
rand_2IPEZ2YCB5_render_front.jpg,1.1770882044282573,0
rand_4VDT5B3AU3_render_front.jpg,1.0,-30
rand_RDKNUBUP2T_render_front.jpg,0.667842630740497,0
rand_7W5QBA3T02_render_front.jpg,0.9868792797751067,0
rand_6P4MDEF4BF_render_front.jpg,1.0,0
rand_G2OKPBR62S_render_front.jpg,1.0,0
rand_SWBG42ZRTT_render_front.jpg,1.480413136584657,0
rand_U0BR55IT18_render_front.jpg,0.6188772621857992,0
rand_3HKSI5OSB3_render_front.jpg,1.133852167321522,5
rand_I638HK2VOY_render_front.jpg,1.1786929849903234,0
rand_SUG2CZV53L_render_front.jpg,0.9294706649771274,0
rand_A3NTPG3B2H_render_front.jpg,0.6843602499942688,0
rand_NFO2MFC6OH_render_front.jpg,0.7381997065044984,0
rand_WEMCS0BUDV_render_front.jpg,1.0,0
rand_THQWHQ6GHY_render_front.jpg,1.0,0
rand_AZA8U9VI37_render_front.jpg,1.0,8
rand_LHHB1NDL2S_render_front.jpg,1.03566383522062,0
rand_SBCHB6BLCW_render_front.jpg,1.0,0
rand_Q54GGDKMS4_render_front.jpg,0.9198255246081889,0
rand_RGJ39BMISI_render_front.jpg,1.0254488780824091,16
rand_0UHSE020SQ_render_front.jpg,1.238606713725372,0
rand_39U6Q9LYMA_render_front.jpg,0.8279691640678366,0
rand_8JS4ECHOKW_render_front.jpg,1.408653721633644,0
rand_XXX9KZ7HIM_render_front.jpg,1.0,10
rand_XFVDS46MEN_render_front.jpg,1.3981958729095862,-16
rand_JZ1ANKGL0C_render_front.jpg,1.0669540009622671,0
rand_RINQDSQ0CC_render_front.jpg,0.6764105363526209,0
rand_YW8LONCAW2_render_front.jpg,0.7964635668050347,0
rand_KSO2HT1HTR_render_front.jpg,1.346525793793007,0
rand_NS85QPOQRB_render_front.jpg,0.9027510915703065,0
rand_U3Y76G5WCM_render_front.jpg,0.8666553864572154,0
rand_QEJ53DXT1Y_render_front.jpg,1.0,0
rand_YKNK563Q2V_render_front.jpg,0.8956515616146532,0
rand_3Z19H7ACCH_render_front.jpg,1.2390844234392686,0
rand_RD3N9W7QI4_render_front.jpg,1.0,0
rand_DGFSSPDZDM_render_front.jpg,0.7971941763542115,0
rand_MY32D25AEN_render_front.jpg,0.9559986423958231,0
rand_LKB48P8KRZ_render_front.jpg,1.0,0
rand_R6U8SLVOAP_render_front.jpg,1.0280540636087425,30
rand_MGVHBGWOGR_render_front.jpg,1.462523909054179,0
rand_Y7ARXJH6VZ_render_front.jpg,0.8731189295116936,0
rand_PTYS5OXS5H_render_front.jpg,0.6491398963344611,0
rand_5G3KZ1HE63_render_front.jpg,1.0,0
rand_G8AP2JWB9P_render_front.jpg,1.3726498985261892,13
rand_TCGF6JCAOL_render_front.jpg,0.8932813237377994,-3
rand_3MN40XII0W_render_front.jpg,1.347201189215513,21
rand_MP5K51392V_render_front.jpg,1.2012712181838747,0
rand_GHQP9X4KCD_render_front.jpg,1.238599778574047,0
rand_QIF18UCNC2_render_front.jpg,1.0751775810750135,0
rand_DH9W45A284_render_front.jpg,0.7466863688154161,-7
rand_821FGATVKJ_render_front.jpg,1.0,0
rand_UXIKE7XA32_render_front.jpg,1.4219377105456406,0
rand_L12WU7204Q_render_front.jpg,1.0,3
rand_NRX9YMIDOQ_render_front.jpg,1.4924207729962835,-7
rand_EBSGGNSHH9_render_front.jpg,1.0,0
rand_P8A69R2IZR_render_front.jpg,1.0,0
rand_G6SSN6V8LN_render_front.jpg,1.0,0
rand_NYPUSVO7RC_render_front.jpg,0.7503429022029153,8
rand_RLS9AQKAUE_render_front.jpg,0.9453215860178522,0
rand_M80YBZ9WXP_render_front.jpg,0.6914587742012945,0
rand_SZMMLUPR1E_render_front.jpg,0.6568210507815893,0
rand_2KO1BRUQ26_render_front.jpg,1.4013537985031561,0
rand_W9SHI7NY7E_render_front.jpg,1.1727596135432474,-28
rand_XDX2N1D6CI_render_front.jpg,1.4465589079026122,0
rand_MSEDKJF50D_render_front.jpg,1.0,0
rand_IP5376LSKU_render_front.jpg,0.8529196642521987,0
rand_DMGGUY1I3U_render_front.jpg,0.811928642875955,0
rand_2YUIW2H1PQ_render_front.jpg,0.8704226723933368,0
rand_EHAGJ2VVE3_render_front.jpg,0.7076875354931446,0
rand_TZ91RV7MEG_render_front.jpg,1.0,12
rand_H1RKBQFM6A_render_front.jpg,1.112236434118726,0
rand_TNBF2AFSR9_render_front.jpg,1.0,0
rand_OVOS667K48_render_front.jpg,1.4786956424826365,0
rand_SFEPJJC2QG_render_front.jpg,1.0,25
rand_RB7DIBGYI0_render_front.jpg,1.4667172026972177,0
rand_GSCIQ78RV8_render_front.jpg,1.0,0
rand_MOL13L4OHT_render_front.jpg,0.7933237425252708,-1
rand_MHXSZHJW3E_render_front.jpg,1.0,0
rand_6TV00BGVH2_render_front.jpg,1.210271522992538,24
rand_I0AA8Z1IDB_render_front.jpg,1.3780950495009292,0
rand_WS4M76PUVL_render_front.jpg,1.2930278379988853,17
rand_SBRRH17A9N_render_front.jpg,0.7854901972087206,0
rand_ICRGZAT82S_render_front.jpg,1.0,-28
rand_L3UCFNTGD1_render_front.jpg,1.0897419722863697,0
rand_GLROGGZN66_render_front.jpg,1.0,0
rand_F6GQTMPJDC_render_front.jpg,1.0,0
rand_03NUC9OR55_render_front.jpg,0.7263524089634339,0
rand_YHGGR1D8GX_render_front.jpg,0.6620025545947688,0
rand_GGEGXZ09BM_render_front.jpg,1.462773387193352,0
rand_2J1J37Q62M_render_front.jpg,1.372735283075806,0
rand_INPG8OKA5O_render_front.jpg,1.0,0
rand_EB274GMZ0P_render_front.jpg,1.0924976787912832,0
rand_HFNMZBGZT9_render_front.jpg,1.0,0
rand_ZL3KYW7IB5_render_front.jpg,1.0,0
rand_27JZ41GKNT_render_front.jpg,1.0,0
rand_QGKZT6MOHC_render_front.jpg,1.4213035738521533,0
rand_CJBNE8GBYK_render_front.jpg,1.197923415501895,0
rand_SKTRQZ64IK_render_front.jpg,1.192818641547485,0
rand_RV8H2AT1JY_render_front.jpg,0.6861396461249941,0
rand_ZL1ERTQAU5_render_front.jpg,1.0,3
rand_7Y10178YHH_render_front.jpg,1.4774236897114066,0
rand_6U96U8BHBG_render_front.jpg,1.3821232597784894,0
rand_RQDJSZ9CDI_render_front.jpg,1.4112290407016888,0
rand_XT61IZVM47_render_front.jpg,1.0,-18
rand_4PE0Z04VI3_render_front.jpg,1.0077171846392292,21
rand_A65V32EWU8_render_front.jpg,1.0,-10
rand_GC1ASA9GWP_render_front.jpg,1.1284959461463002,0
rand_8WIH8JNTPQ_render_front.jpg,1.0201213532237547,0
rand_YJIML8ENFF_render_front.jpg,0.7637664196967018,0
rand_J0OY3GTZZA_render_front.jpg,0.8307245921995894,25
rand_GYOZ5C0JXY_render_front.jpg,1.0,0
rand_7S4K67RQ8D_render_front.jpg,1.2534835018190924,0
rand_WS2VHKZCLA_render_front.jpg,0.9698886960571822,0
rand_0DI5LMM8WZ_render_front.jpg,0.7244032158009259,-9
rand_6P3WGGF7NV_render_front.jpg,0.6236067067732266,0
rand_GURXEV5ST7_render_front.jpg,0.9678420778998196,-9
rand_W083NYJDUT_render_front.jpg,1.0,0
rand_A7CROF39O6_render_front.jpg,1.0,0
rand_5LK5BAV64E_render_front.jpg,1.0,0
rand_QIO77YBF7H_render_front.jpg,1.0,0
rand_B4MVQ8RSTM_render_front.jpg,1.4472577161773184,0
rand_DTAW3UJ0Y5_render_front.jpg,1.0,25
rand_YGXPI4UVL9_render_front.jpg,0.6345315559735131,0
rand_6BOB8A9XF2_render_front.jpg,1.283067356341261,-8
rand_3CP3JBILGA_render_front.jpg,1.0,0
rand_Q46W30DASO_render_front.jpg,0.699323427741229,29
rand_6J37X64MVC_render_front.jpg,1.366836887988905,1
rand_IVIE38SXZI_render_front.jpg,1.1286639070206474,0
rand_HKR4JSRN1T_render_front.jpg,0.771631659983788,9
rand_94D87RNMID_render_front.jpg,1.1869665978367463,0
rand_DRXBMZPWS6_render_front.jpg,1.30785383186495,0
rand_LRYW7W27OM_render_front.jpg,1.0,7
rand_9WLEUKKSES_render_front.jpg,1.0,0
rand_2YSG5LC1SJ_render_front.jpg,1.4512618501704653,0
rand_NJXXCMLVX0_render_front.jpg,0.798057497419536,0
rand_D5I1D9WP8U_render_front.jpg,1.0,0
rand_PNWGBFYD9B_render_front.jpg,1.0600608339609598,0
rand_4V19B3B5UU_render_front.jpg,1.0,0
rand_0YXGJQ6865_render_front.jpg,1.2908168718682886,0
rand_9D6UVNBMX9_render_front.jpg,0.9034985095529042,0
rand_DHEVI2CJ28_render_front.jpg,1.0853102562516885,-13
rand_O629VSEETX_render_front.jpg,1.0,11
rand_P6D3EW5XI3_render_front.jpg,1.3020946718961908,7
rand_VRO2Z6O54O_render_front.jpg,1.4380140348759767,0
rand_WU7ZQLQ6JT_render_front.jpg,1.2846926488534227,0
rand_FOJPWAXROX_render_front.jpg,0.7240894890595108,0
rand_CE0Z6ZHNDG_render_front.jpg,0.7785953888572834,0
rand_POGEBWJHKG_render_front.jpg,1.043707954663186,21
rand_UPTB6AHYX6_render_front.jpg,1.0,0
rand_LOHJVNS6KH_render_front.jpg,1.4973102378114347,0
rand_2R4A43ANWV_render_front.jpg,1.036703723705427,0
rand_I26UXMBXAT_render_front.jpg,1.4192114459525789,0
rand_QAUPVSIWQJ_render_front.jpg,1.0,0
rand_Z3OUR6OU3U_render_front.jpg,1.0,22
rand_76DXD3W8AD_render_front.jpg,0.7515818788563111,-15
rand_GJBZT56NMA_render_front.jpg,0.8056346041696055,0
rand_4F7L4N7ZV4_render_front.jpg,0.9462954277565258,0
rand_TYES8VQS3W_render_front.jpg,1.2324868187778506,0
rand_Q7WUHP7FLU_render_front.jpg,1.0,0
rand_PJTDNR64U8_render_front.jpg,1.0,0
rand_UIZ1ZWB1MU_render_front.jpg,0.6646620265213518,0
rand_HDJIJCW8QZ_render_front.jpg,1.2075936671185925,0
rand_WEW9QZEKSD_render_front.jpg,1.2950782253618627,0
rand_71YR0IRKN3_render_front.jpg,0.9022166721030782,0
rand_I14OWT2XIU_render_front.jpg,1.4594133819589548,13
rand_Y7Z4JG606E_render_front.jpg,0.929350820477312,6
rand_SEAO1D05OT_render_front.jpg,1.0,0
rand_1M2JK33RS6_render_front.jpg,0.614633838960428,0
rand_FMGGI4C8XU_render_front.jpg,0.9925854380240076,0
rand_79APAP2CU3_render_front.jpg,1.3723250626655146,0
rand_2X54AJDWLR_render_front.jpg,1.4329918531202002,0
rand_QYOFKZ452R_render_front.jpg,0.9667135257115511,0
rand_8MSV522DVO_render_front.jpg,1.2184397190985554,0
rand_0DRZON0CRT_render_front.jpg,1.0178762185721473,0
rand_S7B1KF4DXJ_render_front.jpg,0.7750733081261226,0
rand_LUBK50GGI8_render_front.jpg,1.1314230435050645,-12
rand_U07ECK07FN_render_front.jpg,1.3747420849806429,0
rand_5PO6W0PPAY_render_front.jpg,0.8906826184024498,0
rand_0VLAXYCI25_render_front.jpg,1.0,-25
rand_S6TCASTZMC_render_front.jpg,1.0,0
rand_KYQ5W496HA_render_front.jpg,1.1624210626909561,0
rand_EROO4FXKGT_render_front.jpg,0.95574666843256,0
rand_KUJTCWJFAQ_render_front.jpg,1.0,0
rand_GIXN5Z4ZL0_render_front.jpg,1.0,-27
rand_5C8ISJJK7A_render_front.jpg,1.2263129146080027,0
rand_DAJZCZLFUE_render_front.jpg,1.07458795874621,0
rand_GMSLZXQMDK_render_front.jpg,1.2683802651601286,0
rand_53QGRK1EKJ_render_front.jpg,1.1282771682286257,0
rand_YJFTT698XZ_render_front.jpg,1.1331143584732781,14
rand_MFG67Y2ZWL_render_front.jpg,0.8314722573737129,0
rand_C8NQ8X24LI_render_front.jpg,0.7514511846843007,0
rand_ILGAOTJKD7_render_front.jpg,1.0,0
rand_ZZY8HMF8NC_render_front.jpg,1.188991640290181,0
rand_4ISCWBGC6A_render_front.jpg,1.0,0
rand_SKTOXH3ER6_render_front.jpg,1.1408208390931573,20
rand_4HJLFCQ4WF_render_front.jpg,1.049299878996509,0
rand_RPWQON1LPQ_render_front.jpg,1.0,0
rand_IEBJ6XMK1S_render_front.jpg,1.234947903163692,-18
rand_JO6EUV7N2T_render_front.jpg,1.0,0
rand_D3O2AFA97M_render_front.jpg,1.0,0
rand_YCR7T70T3U_render_front.jpg,1.4613399859527534,0
rand_TWXKPN4D5H_render_front.jpg,1.0,-21
rand_60O2M6OFIY_render_front.jpg,1.0,0
rand_8KK1Z0KLZE_render_front.jpg,1.0,19
rand_RKW5WNQHMX_render_front.jpg,0.8996310866651083,-28
rand_AI8KXDS7ZK_render_front.jpg,0.9239419146768689,0
rand_JUSPG9EV0V_render_front.jpg,0.6822246818703713,0
rand_1OK89KO4GS_render_front.jpg,1.2004470569433288,0
rand_PCBBHRGUMA_render_front.jpg,1.0276479470323554,0
rand_KMBQJ3ZLWF_render_front.jpg,0.7079623985089885,-12
rand_T7IN4E3BDK_render_front.jpg,0.7110244626467302,0
rand_95PWEPL8SZ_render_front.jpg,1.3713806198316216,2
rand_RGQJ3YH0Q2_render_front.jpg,0.6481029379242643,0
rand_JWM8V8O4GE_render_front.jpg,0.8746615404644191,0
rand_7EU541XORY_render_front.jpg,1.4996288265789153,0
rand_Y1GW635FFH_render_front.jpg,1.0757131034899254,-12
rand_9VSOQGEB67_render_front.jpg,1.19261138531184,0
rand_PHZEC0KBQY_render_front.jpg,1.3607675607824932,0
rand_J52HUIXRUW_render_front.jpg,1.412252565650273,0
rand_ALN8X0G6XN_render_front.jpg,1.185615957217823,0
rand_L0UEVV3RPM_render_front.jpg,1.0,0
rand_H3JN7GLIBN_render_front.jpg,0.9889967895710321,0
rand_WDI9CL3VNE_render_front.jpg,1.0,0
rand_SUIN9RTP8N_render_front.jpg,1.24344286796022,0
rand_MEALY329TM_render_front.jpg,1.1691291852458414,0
rand_JPF4RQ2N86_render_front.jpg,1.0,0
rand_5DEJMROWNQ_render_front.jpg,1.2897231245444818,0
rand_5E1KW5JSVZ_render_front.jpg,1.2733960700880915,0
rand_ORA6GXQV7N_render_front.jpg,1.457643171823062,0
rand_O0LVITOREH_render_front.jpg,0.8399024594530938,0
rand_GXQZ1EI21R_render_front.jpg,1.2761436418887917,25
rand_NGM7C63VW9_render_front.jpg,0.7330105447216935,0
rand_72PKKZ7KQO_render_front.jpg,1.3921019464387197,26
rand_RO08L61XX6_render_front.jpg,1.0,10
rand_PN02KS7YJ1_render_front.jpg,1.0,0
rand_X7V021FE83_render_front.jpg,0.6031108834824024,0
rand_QJ0OGVPM2H_render_front.jpg,0.9743995265754882,0
rand_7M7HMFR83D_render_front.jpg,1.3968997864011574,0
rand_GI2XKJOXPX_render_front.jpg,1.4395205787804266,0
rand_3ILNTAOIDE_render_front.jpg,1.0,2
rand_AV83G8BKPX_render_front.jpg,1.106493177098348,12
rand_B5U4RX3VNN_render_front.jpg,1.0,0
rand_V8UBT3GOTJ_render_front.jpg,1.3664428014102503,0
rand_A6QDJYMRUI_render_front.jpg,1.0,-25
rand_7DB38S9TPK_render_front.jpg,0.8227338175285054,0
rand_67CNICZN0X_render_front.jpg,0.7948147166514871,0
rand_748MA3S64R_render_front.jpg,1.3440862462858978,0
rand_LJ9N0KX56N_render_front.jpg,1.0,28
rand_125AEM45MO_render_front.jpg,1.32283009143693,0
rand_P61WH9ZW6F_render_front.jpg,1.0673678416656869,0
rand_YFQJSE26XA_render_front.jpg,1.0,0
rand_CLKFDX1ZQ9_render_front.jpg,0.7016797799214316,0
rand_18GU2GADHJ_render_front.jpg,0.7189575757735815,0
rand_SY4HMVFNBT_render_front.jpg,1.4645288168287398,-8
rand_0EDAWI8C3O_render_front.jpg,1.0,0
rand_T6YXOO08ZL_render_front.jpg,1.1100525160239179,0
rand_RLLIJ31NHA_render_front.jpg,1.291649628645769,0
rand_GDTGI3LPN8_render_front.jpg,1.0,0
rand_0ILCE4RBCG_render_front.jpg,0.9242882215999935,0
rand_JJT50W02NI_render_front.jpg,1.0609505859291892,0
rand_FELGBT1Q66_render_front.jpg,0.87190075062759,0
rand_9HPURHGZX6_render_front.jpg,0.6225555555053595,0
rand_3ZIO82J5FO_render_front.jpg,1.0,0
rand_GL0FDCZJ94_render_front.jpg,1.3265821170144454,0
rand_5HP8QWC5A2_render_front.jpg,1.4313485387021079,0
rand_02M03L3OLR_render_front.jpg,1.4070370824958411,11
rand_58G5KVLATR_render_front.jpg,1.0,19
rand_AB06OSARF2_render_front.jpg,1.0,0
rand_8K2CHUGUZ3_render_front.jpg,1.4925267064316343,0
rand_JZC6RG7BYB_render_front.jpg,1.0,0
rand_8847VYCXF8_render_front.jpg,1.0,20
rand_TIC1CMF8FF_render_front.jpg,1.1516471266425221,0
rand_VPPV3ICE5J_render_front.jpg,1.3002031959642473,-3
rand_ZFIHKNLJOG_render_front.jpg,1.0,0
rand_P5EDQ6FH4E_render_front.jpg,0.8863408820342962,-10
rand_ZF5PGDJOKT_render_front.jpg,1.0,0
rand_47XXKGSCCO_render_front.jpg,1.0,0
rand_YWYYH60DMF_render_front.jpg,0.8966551239036289,0
rand_5LR7Q171V5_render_front.jpg,1.1960200073377378,0
rand_3QDILISC5V_render_front.jpg,1.0,4
rand_RHIRZG2QVH_render_front.jpg,1.075635443755353,-9
rand_SZ0NQ0LLYK_render_front.jpg,1.3905812634354593,0
rand_EC35M55304_render_front.jpg,1.264753623068867,-6
rand_S3A06636KK_render_front.jpg,0.7217202550179169,0
rand_1PFSHHX6HB_render_front.jpg,0.9311744687962986,13
rand_MHT8CYTJUP_render_front.jpg,1.166239858683954,24
rand_6GHB6OKOFY_render_front.jpg,1.2122730578968368,-5
rand_6VQJ3V6J6G_render_front.jpg,1.0,0
rand_XU89A7HSPY_render_front.jpg,1.1289470742373124,23
rand_NPDMRXYV2S_render_front.jpg,1.0642439021773913,-4
rand_WZQC11MPF5_render_front.jpg,1.473416436372737,0
rand_JMRRJGCI3B_render_front.jpg,0.6974303343990265,0
rand_R26ZQ13RF8_render_front.jpg,0.9740696579094187,-6
rand_67NEXPPJ96_render_front.jpg,0.7994196610401373,0
rand_FM5EGYTH1D_render_front.jpg,1.2177512601031926,-9
rand_J42PJGW2LN_render_front.jpg,1.2140388143666343,28
rand_K3HZBC9J0J_render_front.jpg,0.9201744509128649,-17
rand_6SGZ01ZBYC_render_front.jpg,1.4748888567336547,0
rand_5169SVJN55_render_front.jpg,1.0,0
rand_DIBQDUQ7YV_render_front.jpg,0.9584820916983383,-16
rand_ORDJ061GMO_render_front.jpg,1.480442170170893,8
rand_4TVSB2HNTB_render_front.jpg,0.6309917440092804,0
rand_GUSCJWXDQ7_render_front.jpg,1.2153910338425864,0
rand_U2OK9N6NJM_render_front.jpg,1.3681415172800224,0
rand_V7JFNN66CS_render_front.jpg,1.2502837911380869,0
rand_CBCOQ2CAHR_render_front.jpg,1.0,0
rand_YWHK1B0H0Y_render_front.jpg,1.0,8
rand_VA4SJ84CNA_render_front.jpg,0.6327523411004268,0
rand_ROUCW9BJX1_render_front.jpg,0.8535526780222217,13
rand_PT0J2QTHRB_render_front.jpg,1.0,-17
rand_C079P5B3LY_render_front.jpg,1.0,0
rand_X0RYYHT25Q_render_front.jpg,1.0772080638363515,0
rand_Q93SYP6GR1_render_front.jpg,1.0,0
rand_313PNLEFQR_render_front.jpg,1.0,0
rand_ABCNLRIJBX_render_front.jpg,1.0819058902612118,21
rand_DJOTZ3UQJ3_render_front.jpg,0.9163028372350492,2
rand_YZ9BSO5JWH_render_front.jpg,1.258819098980681,0
rand_3F1POG2JXT_render_front.jpg,0.85259699496191,0
rand_2AA45WT99M_render_front.jpg,0.7183107301511839,0
rand_3W41DHCDVF_render_front.jpg,1.4152247985588624,-28
rand_CLU2072L2Z_render_front.jpg,1.0,0
rand_3TEAYSXRA3_render_front.jpg,1.411037166016497,0
rand_OYFCSUB7V2_render_front.jpg,1.0,7
rand_4MZBE0D3F7_render_front.jpg,1.0,0
rand_I1LHN7CQQL_render_front.jpg,1.0,0
rand_49SCVYNNQ1_render_front.jpg,0.6770801829280473,0
rand_9ZBTWPBUMX_render_front.jpg,1.3609851217596796,0
rand_9OBG61BUZX_render_front.jpg,1.0,15
rand_GJPS6I0XQS_render_front.jpg,0.9663896722752569,0
rand_QTFAMYE3RC_render_front.jpg,1.0,0
rand_M2Q0PRRL8W_render_front.jpg,1.1119214934311923,0
rand_6D15IYOYDP_render_front.jpg,0.9652164742315548,0
rand_AC58OR08SZ_render_front.jpg,1.0,0
rand_Z4WFQBJXJA_render_front.jpg,0.8880200150736416,16
rand_PXLNQUQ14H_render_front.jpg,1.0,0
rand_M3LLV2MLA5_render_front.jpg,1.0,0
rand_4GVTK1KMWR_render_front.jpg,0.9846747733619997,-29
rand_R06WO6UMJH_render_front.jpg,1.210567756082506,0
rand_2ZD6XZAXJO_render_front.jpg,0.9767317944468512,0
rand_SF2KOUN8I4_render_front.jpg,1.2348116901180757,4
rand_TKAW9HDW3D_render_front.jpg,1.0,0
rand_5KO4QZB4SN_render_front.jpg,0.791622897204479,0
rand_KWAPQLMTKM_render_front.jpg,1.0,0
