File Name,flare
rand_XKWOLUKU3C_render_front.jpg,15
rand_FUFT5H64P8_render_front.jpg,0
rand_BHGLSSZR9M_render_front.jpg,8
rand_L5WTA8WF04_render_front.jpg,4
rand_SW0K32A7KJ_render_front.jpg,2
rand_0ODXKYU9HT_render_front.jpg,15
rand_Y18AMKDYPF_render_front.jpg,15
rand_KVU56ONE7Z_render_front.jpg,0
rand_GU6PIBSSU6_render_front.jpg,12
rand_DCM98RAKPS_render_front.jpg,11
rand_DXJS62ROX5_render_front.jpg,0
rand_CQKDCTALPG_render_front.jpg,12
rand_XURQZS81SY_render_front.jpg,3
rand_R6OX3KNOAY_render_front.jpg,20
rand_WRY1WUILO5_render_front.jpg,0
rand_MPV0MZJMX7_render_front.jpg,6
rand_6W3RTXSZKW_render_front.jpg,7
rand_M5JTBHT406_render_front.jpg,0
rand_T02SNTKHRF_render_front.jpg,0
rand_7EDWL8GRWA_render_front.jpg,0
rand_7LV57C87GP_render_front.jpg,15
rand_DOQKA1L5UE_render_front.jpg,0
rand_3U0QIQBCX4_render_front.jpg,0
rand_T4OO18VVVL_render_front.jpg,9
rand_B39DP4Q23B_render_front.jpg,0
rand_U5T2SCPQ52_render_front.jpg,0
rand_MQVQR32H34_render_front.jpg,5
rand_4G15ALQC58_render_front.jpg,17
rand_UQDP1KAZ8A_render_front.jpg,0
rand_L4I3VQVJ79_render_front.jpg,0
rand_5EAGAP6F1Y_render_front.jpg,0
rand_C6VAAA4V3X_render_front.jpg,6
rand_U3Z73ZK426_render_front.jpg,0
rand_8YZSFAW4NT_render_front.jpg,0
rand_6F8HMQH5XO_render_front.jpg,0
rand_CEYG2YGGVN_render_front.jpg,0
rand_5KSTS3T7HS_render_front.jpg,3
rand_L3K62Y2UI6_render_front.jpg,9
rand_MAPV9B0VJN_render_front.jpg,4
rand_1HVSYIRHH1_render_front.jpg,0
rand_XB4YN2VXXJ_render_front.jpg,1
rand_6NQKH6X3TL_render_front.jpg,13
rand_PTQBCZZURX_render_front.jpg,0
rand_HK3ODWJ1GX_render_front.jpg,14
rand_KX293XU7R5_render_front.jpg,0
rand_U5GBA3RL0R_render_front.jpg,16
rand_FK2MD1OXI7_render_front.jpg,0
rand_7GDKBHU7W4_render_front.jpg,0
rand_M3MIV5MHSV_render_front.jpg,0
rand_DQKR9GBAMV_render_front.jpg,0
rand_9E6B3VHMPZ_render_front.jpg,13
rand_1TF1L7S7X0_render_front.jpg,13
rand_6DAJ9S54CB_render_front.jpg,0
rand_EWI2J78ITN_render_front.jpg,0
rand_B3LVICPNW3_render_front.jpg,11
rand_C3E0U17IP1_render_front.jpg,0
rand_V0RL6SFNB5_render_front.jpg,10
rand_O0W43RRIP7_render_front.jpg,0
rand_O4X1P3SV14_render_front.jpg,19
rand_JELO8QKQ62_render_front.jpg,20
rand_NBFGBPYVQV_render_front.jpg,0
rand_442JHWNKNM_render_front.jpg,0
rand_I224ROMXLR_render_front.jpg,9
rand_XOXINB2IZ4_render_front.jpg,15
rand_HHY2L8W4RL_render_front.jpg,3
rand_MLZ7KYIY91_render_front.jpg,7
rand_076MTWGQ6I_render_front.jpg,10
rand_KZZK3LHY12_render_front.jpg,3
rand_ENIIRJ13JO_render_front.jpg,15
rand_FKYMC7JY0P_render_front.jpg,12
rand_VO1QYXZA85_render_front.jpg,0
rand_ISB9WP8J25_render_front.jpg,16
rand_F8Z4J8452H_render_front.jpg,3
rand_BFQ1YF4NN2_render_front.jpg,0
rand_X9FJJYPUBY_render_front.jpg,18
rand_NR3EZ41R03_render_front.jpg,0
rand_MZX519TX0C_render_front.jpg,19
rand_V9QKA9CF90_render_front.jpg,0
rand_9JN6KDVCUQ_render_front.jpg,17
rand_86C7PHS5UR_render_front.jpg,0
rand_F8F2NJ86LE_render_front.jpg,3
rand_LUKQMG0MPB_render_front.jpg,0
rand_VINZD20HM3_render_front.jpg,6
rand_P62G0QJ6BA_render_front.jpg,12
rand_IRGZECGSAI_render_front.jpg,0
rand_BAL2KO4Q62_render_front.jpg,0
rand_WFHOTMJGET_render_front.jpg,0
rand_QVN0BT1076_render_front.jpg,18
rand_VIRY4PWEHA_render_front.jpg,0
rand_DKUWXH58PQ_render_front.jpg,16
rand_YNFUBTN2LK_render_front.jpg,0
rand_WEP6FSE6HZ_render_front.jpg,0
rand_UJYYSPSCTW_render_front.jpg,0
rand_JIVK02ZRWT_render_front.jpg,8
rand_TQ2DG6JNXK_render_front.jpg,4
rand_J2W7AVTZ6R_render_front.jpg,0
rand_0KPO5WFM2T_render_front.jpg,0
rand_58WJSRF401_render_front.jpg,0
rand_7Q44HSJERB_render_front.jpg,0
rand_2M917LY5ZZ_render_front.jpg,18
rand_F7GY0FEEZ8_render_front.jpg,3
rand_9PC9WH5ONE_render_front.jpg,0
rand_8UY2MGU0WB_render_front.jpg,2
rand_W86GEX4YKZ_render_front.jpg,0
rand_3RCC8J24C4_render_front.jpg,17
rand_QFHJH7UA3V_render_front.jpg,0
rand_AQMCNBQW6F_render_front.jpg,0
rand_I4UNY2B1KK_render_front.jpg,0
rand_QCXBQOB3Y8_render_front.jpg,18
rand_AB27PZMGD8_render_front.jpg,0
rand_PSRH6ZXDVD_render_front.jpg,0
rand_XJI565WY3Y_render_front.jpg,0
rand_KGBZ82DI0G_render_front.jpg,0
rand_BLWA9S33FD_render_front.jpg,20
rand_G8B04S4ZPZ_render_front.jpg,20
rand_2044LD1B77_render_front.jpg,0
rand_PRSZXM6H2G_render_front.jpg,12
rand_QWFY8WQ25A_render_front.jpg,19
rand_O08XIS9M1D_render_front.jpg,0
rand_FGD8X35U0E_render_front.jpg,5
rand_P3226UMSHH_render_front.jpg,14
rand_MORV7KZ0OV_render_front.jpg,0
rand_6VV3SE286L_render_front.jpg,6
rand_5UFQ1M4LGS_render_front.jpg,0
rand_5NIK3GYJVL_render_front.jpg,1
rand_R7JIK9KWND_render_front.jpg,0
rand_JU07ILEDQK_render_front.jpg,19
rand_HH9UX35WU5_render_front.jpg,0
rand_OEM8F2IJRC_render_front.jpg,12
rand_BWS7OU8EU2_render_front.jpg,12
rand_8I503LSAVD_render_front.jpg,0
rand_A7LSTXLC1J_render_front.jpg,0
rand_1EHUSGYR73_render_front.jpg,0
rand_T76SHY0Z82_render_front.jpg,16
rand_MKQB6KH3EB_render_front.jpg,0
rand_SC8TZ660KT_render_front.jpg,19
rand_TLRJAVS56O_render_front.jpg,17
rand_ZYP9O5V9MP_render_front.jpg,6
rand_E9FMKL3TYX_render_front.jpg,2
rand_CEIHYJ2FDX_render_front.jpg,0
rand_WCELXAHRQD_render_front.jpg,0
rand_KIE8XH6NG9_render_front.jpg,0
rand_QTTYSLULF6_render_front.jpg,2
rand_0XDHDEPZ7Y_render_front.jpg,0
rand_EJBE6DNDJ8_render_front.jpg,19
rand_JR424WP53D_render_front.jpg,0
rand_9J7IU2WRR2_render_front.jpg,6
rand_Q5YJT4B1L7_render_front.jpg,0
rand_JN4KOZF8SJ_render_front.jpg,0
rand_OJOOSVQIRG_render_front.jpg,0
rand_URO885VTBY_render_front.jpg,9
rand_XG43N73N52_render_front.jpg,0
rand_2LHZPWI6HZ_render_front.jpg,15
rand_ZVR1Z7V0LH_render_front.jpg,1
rand_KJB2RXL4JL_render_front.jpg,0
rand_44RAPGI4UY_render_front.jpg,0
rand_E58XKW33RS_render_front.jpg,0
rand_YZUNY115H3_render_front.jpg,0
rand_ARTVFMIR1O_render_front.jpg,0
rand_LMKA2ZFQAU_render_front.jpg,20
rand_8SWG3RNIQZ_render_front.jpg,10
rand_1Q0BXPCP7B_render_front.jpg,0
rand_CATT0NMT59_render_front.jpg,8
rand_VOZHKWZIDT_render_front.jpg,0
rand_MQFTWF2ISB_render_front.jpg,0
rand_Y5RC6H261B_render_front.jpg,0
rand_SEX26H2XRU_render_front.jpg,0
rand_G6EKRQ1D73_render_front.jpg,17
rand_3DAWRL77EB_render_front.jpg,0
rand_IX7B629DW4_render_front.jpg,4
rand_CSA6EAXFPU_render_front.jpg,17
rand_G4BVSVEQ78_render_front.jpg,0
rand_OO6M9ABMC0_render_front.jpg,11
rand_0AYSPSNK8T_render_front.jpg,0
rand_WK48V591Q9_render_front.jpg,0
rand_WYDS2N5BOS_render_front.jpg,18
rand_HDZKVIRQL5_render_front.jpg,0
rand_7JWHMPVNJE_render_front.jpg,4
rand_LQ47DIIPIH_render_front.jpg,2
rand_FIWC72VCOP_render_front.jpg,0
rand_3BZARB9MX5_render_front.jpg,0
rand_OADP9G0I5K_render_front.jpg,0
rand_X7PLZKSLWL_render_front.jpg,0
rand_M1GT0AAVVT_render_front.jpg,0
rand_4RBPT0X4N5_render_front.jpg,0
rand_A4YEIY8KEO_render_front.jpg,3
rand_5U66A3MI7S_render_front.jpg,0
rand_SC2X4E3I3V_render_front.jpg,20
rand_1GJ4Y6GWZU_render_front.jpg,2
rand_4BI9SXEZ3K_render_front.jpg,0
rand_R6PRH09S1K_render_front.jpg,0
rand_ONP448WGHB_render_front.jpg,0
rand_W856DOHABH_render_front.jpg,0
rand_WADKI2GH9V_render_front.jpg,1
rand_1TCDKH2UCG_render_front.jpg,0
rand_3PFZEDH4DP_render_front.jpg,0
rand_01ILUF1M9N_render_front.jpg,1
rand_YD1NV4D5RY_render_front.jpg,16
rand_AKHD7U1TG1_render_front.jpg,0
rand_PBF1ERMYHJ_render_front.jpg,0
rand_U7VQHUZAMN_render_front.jpg,17
rand_7CUWD63YYM_render_front.jpg,0
rand_9151I13RYF_render_front.jpg,2
rand_O2RWGJJ05M_render_front.jpg,6
rand_4IV046C01B_render_front.jpg,3
rand_1V0LO2YAKU_render_front.jpg,7
rand_7O5RW2T2FW_render_front.jpg,0
rand_7SQ3YSGP05_render_front.jpg,17
rand_JBCIPDE6WX_render_front.jpg,0
rand_5X4CLJ0RSD_render_front.jpg,0
rand_P8TUG3ZPLC_render_front.jpg,3
rand_S1P9VTB95J_render_front.jpg,0
rand_4Y8W6APBRC_render_front.jpg,0
rand_GH4DCWTXGN_render_front.jpg,0
rand_RPLOPMSPXM_render_front.jpg,0
rand_0BOZ32U1RR_render_front.jpg,0
rand_8CRYI6PHVC_render_front.jpg,0
rand_QO7OX75D4F_render_front.jpg,9
rand_SS4DZ0VC8X_render_front.jpg,0
rand_DNLPR6VZGC_render_front.jpg,5
rand_XHMCOUYYBW_render_front.jpg,0
rand_VE06QJUBF3_render_front.jpg,2
rand_VNO1DSCD8M_render_front.jpg,19
rand_6W3XGQZOE9_render_front.jpg,3
rand_8SJT1WFZX2_render_front.jpg,0
rand_Z69ZP7G271_render_front.jpg,0
rand_IIEDYFRH80_render_front.jpg,0
rand_KGGFDXDO32_render_front.jpg,0
rand_W6XIAZN6Q3_render_front.jpg,0
rand_X6GP51F55H_render_front.jpg,0
rand_S1C81FME7K_render_front.jpg,12
rand_U9K3DM8V2W_render_front.jpg,0
rand_M27O2HSVP2_render_front.jpg,13
rand_TM0KNGEYJX_render_front.jpg,17
rand_QTDHLTWKQA_render_front.jpg,0
rand_7OIAYPLS8E_render_front.jpg,6
rand_HL0LIXYI7R_render_front.jpg,4
rand_DZGRR5HJ2E_render_front.jpg,18
rand_D3JA7F3WW6_render_front.jpg,0
rand_PTOOB55S8S_render_front.jpg,0
rand_FYY8XX18NA_render_front.jpg,9
rand_8U31QEQ0O8_render_front.jpg,0
rand_1E0XGKIUQK_render_front.jpg,0
rand_6EUDZGDSWX_render_front.jpg,0
rand_W9HWA7LA2Z_render_front.jpg,18
rand_8FHNOLLBHL_render_front.jpg,20
rand_1WVP9UJZ3K_render_front.jpg,0
rand_AB9BUYNB4O_render_front.jpg,7
rand_QVCYLR0OIL_render_front.jpg,0
rand_X3OWPCHHZC_render_front.jpg,13
rand_1COM1DGIXJ_render_front.jpg,0
rand_Y0H1XONZOD_render_front.jpg,13
rand_T5AM6EISYG_render_front.jpg,16
rand_6PM8VFY4JE_render_front.jpg,4
rand_TV95FERTAT_render_front.jpg,13
rand_4EPGD865AX_render_front.jpg,3
rand_2UI4VNKU9D_render_front.jpg,18
rand_DWEBDLNJL5_render_front.jpg,13
rand_YHB73TKYP0_render_front.jpg,16
rand_GK6WDBS1WQ_render_front.jpg,0
rand_YHTOUGU8SO_render_front.jpg,0
rand_K09DOI2ERR_render_front.jpg,10
rand_2N12212IZW_render_front.jpg,0
rand_9Y9J8WRR8J_render_front.jpg,18
rand_ZGZY8OJ1M3_render_front.jpg,13
rand_IYZC7VYQGS_render_front.jpg,15
rand_IBL2Q0HKO5_render_front.jpg,0
rand_DE6EITIAXU_render_front.jpg,13
rand_MLVC36N3BY_render_front.jpg,0
rand_5X6X8RTZJK_render_front.jpg,0
rand_EP1XYW7P2D_render_front.jpg,19
rand_QW92Y1YP2N_render_front.jpg,0
rand_C3FL82N4WI_render_front.jpg,0
rand_PN16IALV8Z_render_front.jpg,0
rand_MO5L5BOBVQ_render_front.jpg,0
rand_K8YE9PZJ7Z_render_front.jpg,17
rand_4RWZ4AAZG9_render_front.jpg,0
rand_AD5AOUSQFK_render_front.jpg,0
rand_1GX01N1DUS_render_front.jpg,0
rand_9XCWGZ0NM6_render_front.jpg,4
rand_5R0L8JFJ9I_render_front.jpg,0
rand_K8MBZ9TSET_render_front.jpg,1
rand_PLB8M4QFXN_render_front.jpg,0
rand_N2IFYMO4T9_render_front.jpg,0
rand_D08KXHB3NJ_render_front.jpg,0
rand_5MB2ROQKOR_render_front.jpg,0
rand_PADXA1H5KG_render_front.jpg,0
rand_S2C40F8X0M_render_front.jpg,0
rand_4MMRWQ38KW_render_front.jpg,0
rand_ZAKBZVU5XQ_render_front.jpg,16
rand_YIHBGFAU3G_render_front.jpg,14
rand_BEGJ9Q4BQZ_render_front.jpg,0
rand_V1FE9PAVUO_render_front.jpg,0
rand_TW54V8RPGO_render_front.jpg,0
rand_DOUJ557FY4_render_front.jpg,5
rand_P6FHPIU3AH_render_front.jpg,0
rand_PR93FDE4KK_render_front.jpg,0
rand_04GAM9B4PR_render_front.jpg,0
rand_RAFC7O548X_render_front.jpg,0
rand_L4CC81U0AO_render_front.jpg,0
rand_9IOH5E43L5_render_front.jpg,0
rand_Q3MEMBHTLF_render_front.jpg,0
rand_HAQ9W2QRTJ_render_front.jpg,13
rand_USBB4JPPH2_render_front.jpg,8
rand_9AP0YU9SE4_render_front.jpg,6
rand_8GF50XO1HM_render_front.jpg,12
rand_W9S51SJJ49_render_front.jpg,0
rand_LTLFFZFQY7_render_front.jpg,16
rand_QSJI9HSK7N_render_front.jpg,20
rand_C4ICKB4HVR_render_front.jpg,6
rand_62WGFLOGXZ_render_front.jpg,0
rand_WGPKQ63IXO_render_front.jpg,0
rand_93YB2T4CH0_render_front.jpg,11
rand_I52E370U6A_render_front.jpg,10
rand_Z77YG8NM9B_render_front.jpg,18
rand_AB5C9KLAQ6_render_front.jpg,0
rand_89NCX66NEA_render_front.jpg,0
rand_7U7FKZ1ZT4_render_front.jpg,10
rand_69JE3NBZQ6_render_front.jpg,19
rand_GTOVJH3AZN_render_front.jpg,7
rand_1Y0YQ93QE1_render_front.jpg,0
rand_FHVA5991HV_render_front.jpg,7
rand_SM87ZO7LRL_render_front.jpg,9
rand_0C4I1ENEGQ_render_front.jpg,15
rand_PTKWTXLBUQ_render_front.jpg,15
rand_ELCJQPFB41_render_front.jpg,16
rand_HW663QK0YL_render_front.jpg,0
rand_2SOPYKSZ5F_render_front.jpg,0
rand_LRGGQECJ5Q_render_front.jpg,20
rand_KUTR9U4MIP_render_front.jpg,1
rand_BQNZQZQ4Z7_render_front.jpg,11
rand_V4ED1KTEDK_render_front.jpg,3
rand_ZMBKB5WTDB_render_front.jpg,9
rand_SMV2H6X7KU_render_front.jpg,7
rand_IM94PF69RI_render_front.jpg,0
rand_9GTTFVP9JD_render_front.jpg,0
rand_Z4GNAUV90M_render_front.jpg,0
rand_QEXD1TLWJV_render_front.jpg,6
rand_C2SGK4LR5L_render_front.jpg,0
rand_8W06B9QH7E_render_front.jpg,0
rand_I01M3ZPXTP_render_front.jpg,4
rand_0BYSXIM9OF_render_front.jpg,13
rand_LW0C56SVKL_render_front.jpg,0
rand_MXOH2TCZ3S_render_front.jpg,2
rand_I5P6TWR8MM_render_front.jpg,1
rand_9SVM7IHT3M_render_front.jpg,6
rand_2T4BI4O5U8_render_front.jpg,0
rand_RQU6NNVUIW_render_front.jpg,0
rand_MY3M3OU6F4_render_front.jpg,14
rand_UO6ZTBSURI_render_front.jpg,0
rand_B5PVIYSCTW_render_front.jpg,0
rand_XEIYDLV6N7_render_front.jpg,8
rand_FACUWM2YSA_render_front.jpg,0
rand_8ZGJS8A5UB_render_front.jpg,1
rand_UKVP5P5YO8_render_front.jpg,6
rand_4BDZ5AY21U_render_front.jpg,0
rand_N6OZFO1FN9_render_front.jpg,0
rand_T04ZE960OY_render_front.jpg,4
rand_TA3SGCWA1Y_render_front.jpg,4
rand_0DKUIPHO4V_render_front.jpg,10
rand_2HW0KFJ49O_render_front.jpg,10
rand_DHE808JYSE_render_front.jpg,0
rand_JAUMQ9JO0Y_render_front.jpg,17
rand_140SIPQZRC_render_front.jpg,3
rand_PS31V5WT2B_render_front.jpg,19
rand_NISA8FP375_render_front.jpg,5
rand_R0CDUO1XGC_render_front.jpg,20
rand_GXXC9AD2ZM_render_front.jpg,0
rand_86B0R044E1_render_front.jpg,7
rand_JHCTVH3LCH_render_front.jpg,0
rand_CCTHI6M37A_render_front.jpg,4
rand_3MXTO8LD3G_render_front.jpg,11
rand_HQ4I0QWTOD_render_front.jpg,0
rand_M0ZJJ3U0QX_render_front.jpg,0
rand_GYXKI95OGS_render_front.jpg,0
rand_EZFILJZMX5_render_front.jpg,0
rand_CPA96T8TZL_render_front.jpg,0
rand_4EL34FAZY6_render_front.jpg,0
rand_XCGF6U2EXL_render_front.jpg,0
rand_CIO4ADZ9RB_render_front.jpg,14
rand_EYUIVQD0LI_render_front.jpg,0
rand_9SNUECZ0ZC_render_front.jpg,0
rand_8WMBPI2FIW_render_front.jpg,11
rand_L22GXECPVU_render_front.jpg,0
rand_WAKAXU4EVE_render_front.jpg,0
rand_245154LRY6_render_front.jpg,0
rand_FGC1P64BP3_render_front.jpg,0
rand_2CRQTA16NZ_render_front.jpg,0
rand_ANH5I7LR7V_render_front.jpg,7
rand_0LN9OC6S1F_render_front.jpg,1
rand_6C2BYV1W52_render_front.jpg,0
rand_QW578TFGWR_render_front.jpg,13
rand_OLA2HBBMND_render_front.jpg,0
rand_W1HBHYOC11_render_front.jpg,14
rand_1GX1YYLOKU_render_front.jpg,0
rand_11BCYICJ0Y_render_front.jpg,2
rand_385M475CKI_render_front.jpg,18
rand_QE3IZNQ2TG_render_front.jpg,0
rand_VMJXKKBQ1G_render_front.jpg,7
rand_R915M1WAGU_render_front.jpg,0
rand_MI9NHSRHFS_render_front.jpg,17
rand_BDLIZL4FEC_render_front.jpg,2
rand_T2HNG98K7L_render_front.jpg,8
rand_IRDXZ0QF7U_render_front.jpg,0
rand_NCN3GMEXE2_render_front.jpg,0
rand_UFEJRZ7VR0_render_front.jpg,0
rand_6PXQ5J1D5T_render_front.jpg,0
rand_48AM48U96O_render_front.jpg,0
rand_1726G5NVB5_render_front.jpg,0
rand_NA8Y8943MI_render_front.jpg,0
rand_NOB52HBRH5_render_front.jpg,17
rand_FN3F6BHUFA_render_front.jpg,4
rand_3HQX0IL98A_render_front.jpg,0
rand_X0AC32QE4L_render_front.jpg,10
rand_2QZYVY23XQ_render_front.jpg,0
rand_5GFW08SG3W_render_front.jpg,18
rand_IXWK9SQTR7_render_front.jpg,7
rand_NG2JRR5PNQ_render_front.jpg,0
rand_ZWIIHPUSD0_render_front.jpg,14
rand_92QN6N73JU_render_front.jpg,0
rand_AZ9EB1QPBW_render_front.jpg,0
rand_Y4WIDJI37M_render_front.jpg,0
rand_ZN9XNZFPJY_render_front.jpg,0
rand_2C06MES7VJ_render_front.jpg,0
rand_N46U2TZQAC_render_front.jpg,0
rand_TSQFL5IWFJ_render_front.jpg,0
rand_RJ2TSFV4HS_render_front.jpg,17
rand_9K6DRMVN0F_render_front.jpg,10
rand_SXY0UU33BS_render_front.jpg,0
rand_ZDYA8ZUHTZ_render_front.jpg,20
rand_YS2KATC83C_render_front.jpg,15
rand_2SM0ZCHGVJ_render_front.jpg,5
rand_D2TN9AH8IP_render_front.jpg,0
rand_Q98DS83BSX_render_front.jpg,0
rand_5VGTVQ1KGW_render_front.jpg,9
rand_V41Z3Q1YNX_render_front.jpg,15
rand_M8H21MOIGC_render_front.jpg,0
rand_RR6BX54NCI_render_front.jpg,15
rand_08FQDNWC80_render_front.jpg,1
rand_38DB7F2HSC_render_front.jpg,4
rand_SH5NTK00O9_render_front.jpg,3
rand_K9MZJ28P5I_render_front.jpg,0
rand_E4DDJGZR2P_render_front.jpg,0
rand_12WDG3098V_render_front.jpg,0
rand_IS0PR7OX6O_render_front.jpg,5
rand_MA26B7VIMW_render_front.jpg,11
rand_E3IN9RH60H_render_front.jpg,4
rand_WZPW1F8TPP_render_front.jpg,8
rand_ZTESEJT59P_render_front.jpg,0
rand_V9N46GQYVJ_render_front.jpg,0
rand_9WM9MM2VZ2_render_front.jpg,0
rand_NXQAM55RSD_render_front.jpg,7
rand_I5SYVYDBZP_render_front.jpg,0
rand_A1SPA3WK4K_render_front.jpg,16
rand_QYUO6BSVU6_render_front.jpg,0
rand_BMC32E4QQ0_render_front.jpg,0
rand_Z8MOXXHGPH_render_front.jpg,14
rand_8KO96XO6CJ_render_front.jpg,4
rand_BBYAZ40HKB_render_front.jpg,5
rand_KXELNEWE2J_render_front.jpg,0
rand_YBVONXRS2D_render_front.jpg,6
rand_4S0158QFAX_render_front.jpg,11
rand_RKKVILXSNW_render_front.jpg,0
rand_TNWDYMFFCL_render_front.jpg,0
rand_Y92L7L8B2Y_render_front.jpg,3
rand_1Z0G5AY48F_render_front.jpg,0
rand_CLXA2WJ36U_render_front.jpg,0
rand_AD2ISFT4G0_render_front.jpg,0
rand_R91EZRWI0G_render_front.jpg,0
rand_4N02BS39Y8_render_front.jpg,19
rand_RNG8YWOPKC_render_front.jpg,0
rand_B7IKYREJR0_render_front.jpg,7
rand_RPCMADAHXN_render_front.jpg,12
rand_KQ6RROY765_render_front.jpg,0
rand_0N2HFRGRNV_render_front.jpg,10
rand_WXL9PGRGZP_render_front.jpg,1
rand_4ZXNGF6SQ0_render_front.jpg,18
rand_VZK766PCYK_render_front.jpg,18
rand_53YLW09OCP_render_front.jpg,19
rand_GEPTGK3CCX_render_front.jpg,6
rand_VOIB4CPIQ3_render_front.jpg,0
rand_OXCNWQQVNC_render_front.jpg,0
rand_27EHCCD7SI_render_front.jpg,20
rand_Q9U1J0B2XW_render_front.jpg,0
rand_9M3GW01CRB_render_front.jpg,4
rand_8MUVR3SF17_render_front.jpg,7
rand_YE0YCAJ8U0_render_front.jpg,15
rand_4DD5NYZYD0_render_front.jpg,0
rand_0DGAAUOV2V_render_front.jpg,3
rand_KO0Z4WJ1DE_render_front.jpg,0
rand_Z3P6GVTJYP_render_front.jpg,9
rand_1Q0WT40K2N_render_front.jpg,15
rand_MJ7H0JL2EA_render_front.jpg,8
rand_HJ8BLO9SMJ_render_front.jpg,0
rand_DHUMUX0NYC_render_front.jpg,0
rand_CD9BREOXBU_render_front.jpg,0
rand_CDSMFEMH81_render_front.jpg,17
rand_V04GG7OWZV_render_front.jpg,3
rand_R0UU9XH86D_render_front.jpg,0
rand_CQW3M4GHGN_render_front.jpg,0
rand_Q3F6MRZRN6_render_front.jpg,8
rand_7DK5RLKRQA_render_front.jpg,0
rand_4ETTUOF1KU_render_front.jpg,0
rand_WOULI8DVU9_render_front.jpg,0
rand_ILH60TSI2P_render_front.jpg,14
rand_JVH95D4L4S_render_front.jpg,0
rand_7UGTWC127G_render_front.jpg,0
rand_WRATOY3XVW_render_front.jpg,18
rand_VLRIHS57RZ_render_front.jpg,1
rand_DGM4ZU0MCY_render_front.jpg,0
rand_OBDSM18HA8_render_front.jpg,17
rand_98CUYPTZFM_render_front.jpg,0
rand_1M0KW74XQN_render_front.jpg,0
rand_F86XLCS84L_render_front.jpg,0
rand_U1NZCAIQ04_render_front.jpg,0
rand_QMIH3GS592_render_front.jpg,4
rand_BX6EQ0A6VU_render_front.jpg,0
rand_HRCH9MPCH9_render_front.jpg,3
rand_W2RJN3LLVW_render_front.jpg,0
rand_GMCH5D830L_render_front.jpg,3
rand_2B7W3QNDBE_render_front.jpg,0
rand_ZQAGQ2KBIG_render_front.jpg,1
rand_IYOCCHGU5G_render_front.jpg,15
rand_219X7MOLCH_render_front.jpg,0
rand_2ER5JR6MG7_render_front.jpg,6
rand_6C1BFY8D98_render_front.jpg,4
rand_CTY97988BQ_render_front.jpg,0
rand_6XO8WZUWPN_render_front.jpg,15
rand_E39SLCG34T_render_front.jpg,0
rand_E1WRFXE0MB_render_front.jpg,1
rand_HCM00JKB8I_render_front.jpg,0
rand_7E0577ELSM_render_front.jpg,0
rand_C6NTAY4F3J_render_front.jpg,0
rand_YQ6TUUG7UJ_render_front.jpg,19
rand_N6HAG59U3W_render_front.jpg,1
rand_HNYTM7V9W1_render_front.jpg,0
rand_PK9SIYGC2M_render_front.jpg,13
rand_4H5Z0RJML6_render_front.jpg,1
rand_TL1108GYOK_render_front.jpg,12
rand_SJHYNP53AK_render_front.jpg,9
rand_WQVMX47RQC_render_front.jpg,0
rand_Q8I74PDH67_render_front.jpg,15
rand_39XGZEX36T_render_front.jpg,0
rand_GGH98RWO2Z_render_front.jpg,0
rand_C9DWTR1I28_render_front.jpg,0
rand_Y7FFDDB6OW_render_front.jpg,0
rand_4ACO5QDDKN_render_front.jpg,18
rand_THJEMQ0MHI_render_front.jpg,18
rand_0BJN099F0J_render_front.jpg,0
rand_I3PU595L7U_render_front.jpg,0
rand_Y8JHMB6IA1_render_front.jpg,0
rand_O9L784MH6Q_render_front.jpg,0
rand_EMR5OBF994_render_front.jpg,11
rand_V3RRPATXQU_render_front.jpg,0
rand_G2D2GZKI1I_render_front.jpg,0
rand_KK7LIVAG8B_render_front.jpg,7
rand_35HPABMO7N_render_front.jpg,0
rand_3LFR3G4DLP_render_front.jpg,0
rand_WC4UBTPKYB_render_front.jpg,19
rand_06LOOVU6TN_render_front.jpg,0
rand_3B3FKIRROF_render_front.jpg,0
rand_SBCHM6VSX6_render_front.jpg,0
rand_B42DOFK1KU_render_front.jpg,0
rand_8PKCXTKVC0_render_front.jpg,0
rand_F37S6GV194_render_front.jpg,0
rand_AWTLYHCC2E_render_front.jpg,0
rand_TLGFNH1CY9_render_front.jpg,15
rand_SH84SB9AVS_render_front.jpg,0
rand_CREV0TI7A9_render_front.jpg,17
rand_2KATY57UFQ_render_front.jpg,0
rand_GDXBHNGCZI_render_front.jpg,18
rand_BV4PVEIWGH_render_front.jpg,15
rand_101EAP1X9W_render_front.jpg,12
rand_XQKC1ZX8P7_render_front.jpg,0
rand_M26LOOZ5XO_render_front.jpg,18
rand_JARONQLPQL_render_front.jpg,0
rand_IGRMMKJ8XG_render_front.jpg,0
rand_66QS23AAMW_render_front.jpg,0
rand_JI369120WZ_render_front.jpg,0
rand_DSPYZEPX57_render_front.jpg,9
rand_HP83K946ZX_render_front.jpg,0
rand_US7KF00V3P_render_front.jpg,8
rand_O9SOICEXRS_render_front.jpg,12
rand_NHED9D84E8_render_front.jpg,14
rand_NARZHAX4TP_render_front.jpg,12
rand_8MPHIILDLN_render_front.jpg,0
rand_VSHV9NTWRS_render_front.jpg,0
rand_75XLQL73JN_render_front.jpg,0
rand_ZZGO68RGDO_render_front.jpg,4
rand_G90423MGE6_render_front.jpg,0
rand_VDARSEOZEI_render_front.jpg,20
rand_FAOA596NA6_render_front.jpg,0
rand_2SPQL57DVX_render_front.jpg,0
rand_I40VVS2V97_render_front.jpg,16
rand_NBHAQOX3O7_render_front.jpg,0
rand_GC4RSZHWVO_render_front.jpg,7
rand_QQX9GYVVTN_render_front.jpg,4
rand_ZZLDQPEEVV_render_front.jpg,14
rand_DO2X5JDYKI_render_front.jpg,19
rand_G3QOOIFO6B_render_front.jpg,18
rand_48LYP6V6UG_render_front.jpg,0
rand_XCGEONT4NU_render_front.jpg,0
rand_9VUJTKSLBJ_render_front.jpg,4
rand_WOD8OIXT0E_render_front.jpg,13
rand_KDXVJWPMU6_render_front.jpg,0
rand_JLSZTM3YO2_render_front.jpg,0
rand_JH3DO9CLFZ_render_front.jpg,0
rand_1V9EKF7XL6_render_front.jpg,0
rand_TO6DPX0VHB_render_front.jpg,0
rand_DZIEJ2AWVG_render_front.jpg,6
rand_YFB7MC506A_render_front.jpg,18
rand_CV8HI8L2JM_render_front.jpg,0
rand_2W5342REK5_render_front.jpg,7
rand_L5L2295AJ2_render_front.jpg,0
rand_SAWDMODTVF_render_front.jpg,3
rand_HAGIHNPDDQ_render_front.jpg,0
rand_WFW6402UVT_render_front.jpg,0
rand_2YK3BLMWEE_render_front.jpg,0
rand_Y0RS6J4L8O_render_front.jpg,11
rand_67MYWW0AEK_render_front.jpg,11
rand_NH5YHTROIO_render_front.jpg,14
rand_1PSXI9D50T_render_front.jpg,8
rand_EY83S9QOBV_render_front.jpg,8
rand_WVOZX0HURP_render_front.jpg,20
rand_BO39DY5V6D_render_front.jpg,0
rand_ES8OHQSAG7_render_front.jpg,0
rand_PPDZ9LIRLE_render_front.jpg,0
rand_FZUPF53INA_render_front.jpg,13
rand_AXKILDUON8_render_front.jpg,16
rand_3LB6N6HXAQ_render_front.jpg,0
rand_NT7MEYKOCC_render_front.jpg,0
rand_0KWOF4K3PW_render_front.jpg,0
rand_XZEAF925IM_render_front.jpg,0
rand_6IP7FE5D2X_render_front.jpg,0
rand_8S7QKKNAA0_render_front.jpg,0
rand_0DE2R1ZEY1_render_front.jpg,1
rand_T4X01GUTBI_render_front.jpg,7
rand_4KVH89DU2L_render_front.jpg,19
rand_BJ03KNWRBQ_render_front.jpg,9
rand_4PJPEGAYOE_render_front.jpg,1
rand_37GF4BNOVC_render_front.jpg,5
rand_NUQQNK9TNU_render_front.jpg,0
rand_TZM0CB896U_render_front.jpg,0
rand_3Q47520F48_render_front.jpg,0
rand_Y6J50IRNN5_render_front.jpg,0
rand_V61AHPDH4M_render_front.jpg,0
rand_YS591GQ2ZX_render_front.jpg,0
rand_D3ET1FLFXS_render_front.jpg,0
rand_BURY74T7EG_render_front.jpg,0
rand_BU52F2Z0A2_render_front.jpg,2
rand_VZDBUZC6ZH_render_front.jpg,20
rand_LV1P7WRUTP_render_front.jpg,0
rand_Y528Q2IHYX_render_front.jpg,0
rand_9D87B5F7XY_render_front.jpg,0
rand_4WPA7OFF99_render_front.jpg,0
rand_3MUOFXY633_render_front.jpg,0
rand_MOI445B9LY_render_front.jpg,0
rand_2E2EL4UZUS_render_front.jpg,13
rand_QTWK8MTREQ_render_front.jpg,14
rand_R9JA6DUT59_render_front.jpg,0
rand_R3Y38YJW3H_render_front.jpg,1
rand_BMD0266VE9_render_front.jpg,17
rand_TYRWE94TMW_render_front.jpg,0
rand_252A7Q9EAG_render_front.jpg,12
rand_E39IL3GKSD_render_front.jpg,0
rand_YL8YM6MRUH_render_front.jpg,1
rand_MA84JDZHNY_render_front.jpg,16
rand_SO0X3W95AY_render_front.jpg,0
rand_V8EIVGGMLD_render_front.jpg,10
rand_H44RFIGBWV_render_front.jpg,0
rand_9UH65I6Z96_render_front.jpg,8
rand_MSPKN6AITE_render_front.jpg,0
rand_RNKYDZESX2_render_front.jpg,0
rand_CWLA5VEI9Z_render_front.jpg,0
rand_ANBA8KN3DP_render_front.jpg,0
rand_PYI4BM9FI4_render_front.jpg,0
rand_5CZD1V8UT3_render_front.jpg,0
rand_M2HV5ZMBH4_render_front.jpg,0
rand_GA2FRI3RZ7_render_front.jpg,2
rand_B7EBDL83Z6_render_front.jpg,2
rand_HNEA1F4SNC_render_front.jpg,5
rand_Z1Q4FWGY05_render_front.jpg,14
rand_SU2I8HTCI3_render_front.jpg,15
rand_0YRUMDW1J3_render_front.jpg,19
rand_4OHCUB82R5_render_front.jpg,0
rand_EAOMBYNF03_render_front.jpg,20
rand_3X0YZL0ED2_render_front.jpg,0
rand_EJI335ZEBO_render_front.jpg,18
rand_2G1HJPOK9F_render_front.jpg,0
rand_1YN8ZHI10G_render_front.jpg,0
rand_O7X3RYANG5_render_front.jpg,15
rand_5ESF0AXBPY_render_front.jpg,4
rand_S1NENJWEX9_render_front.jpg,0
rand_LCJKDUBTIU_render_front.jpg,0
rand_4KUYS1XZYZ_render_front.jpg,1
rand_84S0X0BUH1_render_front.jpg,0
rand_3PEK775TQV_render_front.jpg,14
rand_K9JF7BBHRV_render_front.jpg,0
rand_JWS2K6YUG2_render_front.jpg,0
rand_6RH1G90HD5_render_front.jpg,16
rand_I8K04LVAVO_render_front.jpg,0
rand_XNYCF0733R_render_front.jpg,4
rand_3YRHGVS262_render_front.jpg,0
rand_TQWGUKO4QO_render_front.jpg,0
rand_EWXJOLYIJC_render_front.jpg,8
rand_KU6CQGZYER_render_front.jpg,6
rand_2UO1IZ4GYS_render_front.jpg,0
rand_LTYW9PYTZC_render_front.jpg,19
rand_9Q9DWBMMH8_render_front.jpg,0
rand_3DDQMT5LYG_render_front.jpg,14
rand_6W2BSI39CL_render_front.jpg,16
rand_GXHDNYR79Z_render_front.jpg,0
rand_O1ESRI8HTI_render_front.jpg,0
rand_3FBZCZSSHL_render_front.jpg,6
rand_O5UKHAZPWC_render_front.jpg,4
rand_42FDHOLBX3_render_front.jpg,0
rand_WUIPIM710H_render_front.jpg,3
rand_2RG5D6DNJI_render_front.jpg,14
rand_QAP745SPSA_render_front.jpg,13
rand_JPSXUI4QIA_render_front.jpg,7
rand_Q6I0XL21I7_render_front.jpg,0
rand_F9ABJH7QSB_render_front.jpg,13
rand_I5PL0ALI9P_render_front.jpg,0
rand_VO7HV9LP5H_render_front.jpg,12
rand_0G3YRBDWX7_render_front.jpg,5
rand_VCPOLS9F8G_render_front.jpg,0
rand_9NWCAE0M80_render_front.jpg,0
rand_9A84WJ2CZE_render_front.jpg,15
rand_0PX4UUFTWO_render_front.jpg,0
rand_R3EB8U6YVK_render_front.jpg,0
rand_0ZVPL5TMY1_render_front.jpg,4
rand_MPN7EI9C3T_render_front.jpg,0
rand_2A3XWY62XY_render_front.jpg,0
rand_38WV8ROG9V_render_front.jpg,11
rand_ZNORXCDG5Y_render_front.jpg,0
rand_LX5M5W56EU_render_front.jpg,0
rand_B174HKFADX_render_front.jpg,10
rand_0HSJBH42VZ_render_front.jpg,0
rand_GU6W12WPSC_render_front.jpg,1
rand_113NBSX2YK_render_front.jpg,0
rand_ABHE8ICRFU_render_front.jpg,0
rand_TP48HNAMJ2_render_front.jpg,0
rand_3CXADRGDB4_render_front.jpg,0
rand_7PRKJMJS7T_render_front.jpg,17
rand_9XBR2LLQ2S_render_front.jpg,2
rand_3WLVMHEZTC_render_front.jpg,18
rand_AZ07TY2MJU_render_front.jpg,10
rand_3JTMJJELSJ_render_front.jpg,0
rand_229L39FNVK_render_front.jpg,10
rand_7V34DDSC9A_render_front.jpg,0
rand_L5CPJCCDIU_render_front.jpg,0
rand_M7Y15IKVMU_render_front.jpg,9
rand_HA4JUFTN91_render_front.jpg,16
rand_2DKYG37GB5_render_front.jpg,0
rand_7GILJDQPYH_render_front.jpg,9
rand_718ZA8WUY5_render_front.jpg,5
rand_C8Z8PMXNPX_render_front.jpg,14
rand_HIBX3OI8BH_render_front.jpg,0
