base_regression_vit.py,fitted-shirt,0.001,8,50,25,20.0,"outfilename
Number of attributes:  3
                          File Name     width    length     flare
0  rand_68K47Z9S3O_render_front.jpg  1.050000  1.200000  1.000000
1  rand_1ETXMH92AU_render_front.jpg  1.093863  1.200000  1.056066
2  rand_AD01KPY1LZ_render_front.jpg  1.050000  1.200000  1.000000
3  rand_IA98YBBSJL_render_front.jpg  1.157955  1.200000  1.000000
4  rand_29EZKNAJZD_render_front.jpg  1.050000  2.374737  1.091217
Number of images:  3725
Train:  2608
Validation:  372
Test:  745
Start epoch:  1
Train loss: 1.1652
Valid loss: 1.1200
Train loss: 1.1489
Valid loss: 1.1091
Train loss: 1.1390
Valid loss: 1.1119
Train loss: 1.1419
Valid loss: 1.1358
Train loss: 1.1420
Valid loss: 1.1046
Train loss: 1.1399
Valid loss: 1.1120
Train loss: 1.1419
Valid loss: 1.1428
Train loss: 1.1426
Valid loss: 1.1171
Train loss: 1.1465
Valid loss: 1.1036
Train loss: 1.1367
Valid loss: 1.1119
Train loss: 1.1382
Valid loss: 1.1173
Train loss: 1.1392
Valid loss: 1.1027
Train loss: 1.1335
Valid loss: 1.1042
Train loss: 1.1373
Valid loss: 1.1075
Train loss: 1.1365
Valid loss: 1.1201
Train loss: 1.1410
Valid loss: 1.1167
Train loss: 1.1353
Valid loss: 1.1045
Train loss: 1.1374
Valid loss: 1.1064
Train loss: 1.1332
Valid loss: 1.1150
Train loss: 1.1336
Valid loss: 1.1058
Train loss: 1.1371
Valid loss: 1.1164
Train loss: 1.1341
Valid loss: 1.1127
Train loss: 1.1327
Valid loss: 1.1126
Train loss: 1.1326
Valid loss: 1.1028
Train loss: 1.1341
Valid loss: 1.1093
Train loss: 1.1343
Valid loss: 1.1049
Train loss: 1.1322
Valid loss: 1.1059
Train loss: 1.1331
Valid loss: 1.1075
Train loss: 1.1320
Valid loss: 1.1082
Train loss: 1.1315
Valid loss: 1.1062
Train loss: 1.1350
Valid loss: 1.1155
Train loss: 1.1310
Valid loss: 1.1193
Train loss: 1.1312
Valid loss: 1.1115
Train loss: 1.1295
Valid loss: 1.1166
Train loss: 1.1337
Valid loss: 1.1046
Train loss: 1.1363
Valid loss: 1.1052
Train loss: 1.1320
Valid loss: 1.1117

Early Stopping! Total epochs: 37. Best epoch: 12 with loss: 1.1027
saved to base_regression_vit-fitted-shirt-0.001-50-25-8-penalty20.png
test errors: [0.08351724 0.09456629 0.06604302 0.04657642 0.04829513 0.06597452
 0.05866558 0.03889976 0.04013477 0.07635714 0.0486083  0.05508359
 0.05508801 0.05251834 0.0444432  0.083501   0.04172082 0.05329499
 0.05480132 0.06924331 0.04117098 0.07451969 0.11130407 0.12594484
 0.06983197 0.05341361 0.02310228 0.0445533  0.08875787 0.05937105
 0.04637824 0.02543609 0.04369802 0.07282828 0.06167784 0.0397068
 0.02923977 0.06667981 0.06144614 0.07478039 0.07872696 0.07034292
 0.04031114 0.06719531 0.02966807 0.08109857 0.08165866 0.05743663
 0.04726534 0.03954789 0.03843749 0.06868273 0.06915706 0.05624257
 0.06187043 0.05339192 0.04904349 0.03768822 0.04726262 0.07205276
 0.05779468 0.03387472 0.03497541 0.09170799 0.03296813 0.05727847
 0.04484255 0.05314076 0.07394926 0.04622693 0.07590554 0.06364971
 0.04977592 0.06496015 0.10732661 0.07904299 0.0490999  0.06762639
 0.0547317  0.04687409 0.0485902  0.07329719 0.07999534 0.04697239
 0.0434321  0.08942735 0.04805588 0.05509198 0.09353529 0.06266186
 0.06369689 0.03609601 0.06529286 0.13252972]
train loss: [1.1651630223997487, 1.1488791868190638, 1.139048646120417, 1.1418605666832635, 1.1419533826894142, 1.1399393575570194, 1.1418899987101288, 1.1425714910697085, 1.1465095090119364, 1.136691464433734, 1.1382058379367428, 1.1392129408433134, 1.1335406766375173, 1.1372532638127373, 1.1364542621360796, 1.1410266700473675, 1.1353252897993298, 1.137429435621172, 1.1331552954594828, 1.1336368322372437, 1.1371106935560837, 1.1341322396425593, 1.1326791481417031, 1.1325656209749397, 1.134136471812357, 1.134262202090065, 1.132169457516681, 1.133137266801241, 1.1319866676458576, 1.1314722233704007, 1.1350323896813446, 1.1310187242708483, 1.131168888185915, 1.1295065745411303, 1.1336683987504417, 1.1363105749923912, 1.1320241505667668]
valid_loss: [1.1200197542273758, 1.1091395898153318, 1.1119262898528335, 1.1357919663790887, 1.1046226351053123, 1.1120215657573418, 1.142813035145702, 1.1170526680530317, 1.103610313178709, 1.1118738894094558, 1.117346648401862, 1.1027378840734494, 1.1041835842516599, 1.1074938434882453, 1.1200962305068969, 1.1167445618034209, 1.1045014986255826, 1.106391131797893, 1.114971619644421, 1.1057636939439197, 1.1164339193561734, 1.1126738830700817, 1.1126275491394453, 1.1027686160682832, 1.1093494061255615, 1.104942104960448, 1.105867811577432, 1.1075269994319685, 1.1082385187981112, 1.10623021825848, 1.115546329189467, 1.1193454354401402, 1.1115223266134326, 1.1166346207561109, 1.1045957498102381, 1.1052032825930806, 1.1117115171163674]"