base_regression_vit.py,fitted-shirt,0.0005,8,100,25,25.0,"outfilename
Number of attributes:  3
                          File Name     width    length     flare
0  rand_68K47Z9S3O_render_front.jpg  1.050000  1.200000  1.000000
1  rand_1ETXMH92AU_render_front.jpg  1.093863  1.200000  1.056066
2  rand_AD01KPY1LZ_render_front.jpg  1.050000  1.200000  1.000000
3  rand_IA98YBBSJL_render_front.jpg  1.157955  1.200000  1.000000
4  rand_29EZKNAJZD_render_front.jpg  1.050000  2.374737  1.091217
Number of images:  3725
Train:  2608
Validation:  372
Test:  745
Start epoch:  1
Train loss: 1.4254
Valid loss: 1.4624
Train loss: 1.4076
Valid loss: 1.5224
Train loss: 1.4078
Valid loss: 1.4663
Train loss: 1.4007
Valid loss: 1.4805
Train loss: 1.4047
Valid loss: 1.4599
Train loss: 1.4047
Valid loss: 1.4699
Train loss: 1.4008
Valid loss: 1.4553
Train loss: 1.4015
Valid loss: 1.4801
Train loss: 1.3978
Valid loss: 1.4657
Train loss: 1.3980
Valid loss: 1.4617
Train loss: 1.4048
Valid loss: 1.4700
Train loss: 1.4019
Valid loss: 1.4620
Train loss: 1.4003
Valid loss: 1.5268
Train loss: 1.4030
Valid loss: 1.4486
Train loss: 1.4011
Valid loss: 1.4701
Train loss: 1.4032
Valid loss: 1.4628
Train loss: 1.4024
Valid loss: 1.4543
Train loss: 1.3986
Valid loss: 1.4606
Train loss: 1.4022
Valid loss: 1.4661
Train loss: 1.3959
Valid loss: 1.4620
Train loss: 1.3994
Valid loss: 1.4653
Train loss: 1.3996
Valid loss: 1.4607
Train loss: 1.4017
Valid loss: 1.4605
Train loss: 1.3970
Valid loss: 1.4689
Train loss: 1.3977
Valid loss: 1.4717
Train loss: 1.3994
Valid loss: 1.4571
Train loss: 1.3989
Valid loss: 1.4613
Train loss: 1.3948
Valid loss: 1.4550
Train loss: 1.3999
Valid loss: 1.4611
Train loss: 1.3994
Valid loss: 1.4547
Train loss: 1.3990
Valid loss: 1.5060
Train loss: 1.4000
Valid loss: 1.4646
Train loss: 1.3967
Valid loss: 1.4567
Train loss: 1.3950
Valid loss: 1.4616
Train loss: 1.3957
Valid loss: 1.4601
Train loss: 1.3972
Valid loss: 1.4759
Train loss: 1.3956
Valid loss: 1.4690
Train loss: 1.3955
Valid loss: 1.4532
Train loss: 1.3985
Valid loss: 1.4806

Early Stopping! Total epochs: 39. Best epoch: 14 with loss: 1.4486
saved to base_regression_vit-fitted-shirt-0.0005-100-25-8-penalty25.png
test errors: [0.05741874 0.04119919 0.05995802 0.06635162 0.05846646 0.05990778
 0.03687043 0.07233407 0.04056188 0.05933318 0.06806038 0.06314871
 0.05102193 0.11245863 0.08401106 0.07926459 0.04792057 0.07771872
 0.03669486 0.03422932 0.08268779 0.06218598 0.03491614 0.0536771
 0.04807834 0.02659598 0.07013911 0.05316045 0.05797186 0.06728877
 0.06264123 0.05281671 0.06839117 0.07718308 0.04663514 0.04035097
 0.07364209 0.07025977 0.06256571 0.03570288 0.04033249 0.04052816
 0.09042814 0.07366472 0.09154451 0.05445447 0.04347417 0.04420895
 0.07571186 0.053764   0.07125901 0.06048011 0.06219294 0.04240775
 0.04636728 0.05644288 0.02097149 0.08739665 0.06956555 0.06334399
 0.08102109 0.06287235 0.06665327 0.04622751 0.0735884  0.05079768
 0.03111105 0.06548721 0.10420282 0.03540364 0.05069641 0.06405265
 0.04732534 0.03805948 0.05964222 0.06267724 0.036073   0.06508797
 0.08163327 0.08529775 0.04073519 0.08714186 0.0275701  0.06943731
 0.03756519 0.07756261 0.05750929 0.05698438 0.07827438 0.06696931
 0.04703316 0.08224088 0.08120835 0.00623066]
train loss: [1.4253932346966975, 1.4076048705935211, 1.407788668782919, 1.4006710600799628, 1.4046820900850914, 1.4046933377882511, 1.4007986593299797, 1.4015154442797837, 1.3977830408936913, 1.3979729891090051, 1.4047871228832527, 1.4018690481015232, 1.4002931470038906, 1.4029696367331, 1.401116003339456, 1.4032315191273188, 1.402370846778221, 1.3986321613559254, 1.4021508372070006, 1.3958769281705221, 1.3994215808992152, 1.3995533496208106, 1.4017148694736046, 1.3970386973430113, 1.3977112463923376, 1.3993588525443537, 1.398896608843366, 1.3948462325721245, 1.3999064049198058, 1.3993645027979909, 1.3989972976496823, 1.399966536192286, 1.396682174840496, 1.3950411480811884, 1.3957248439191439, 1.3971758480840082, 1.3956086081413082, 1.3954598100926785, 1.3985138468827711]
valid_loss: [1.4624176806251474, 1.5224420617890837, 1.466277005368431, 1.48047994415232, 1.459918896303881, 1.4699007470735768, 1.4552761679527744, 1.4800898379127452, 1.4656763697630606, 1.4617013344028653, 1.4700054095095436, 1.461987436337759, 1.5267943235051713, 1.4485833430450235, 1.470086426382897, 1.462847248659838, 1.4542558458827486, 1.4605747105291225, 1.466107769460486, 1.4619735491355794, 1.4653166775735433, 1.4606807780745845, 1.460473304746935, 1.4689320345052936, 1.4717127900795648, 1.4570941808239726, 1.4613122722446519, 1.455002134758354, 1.4610716659750715, 1.4547399292856256, 1.5059923019185162, 1.464554272722078, 1.4567169452673636, 1.4615680803388558, 1.4600562585280246, 1.475949493510611, 1.468987069273955, 1.4532364115619019, 1.4806070064938308]"

